timestamp_start,timestamp_end,label,sequence_id
2025-10-22 18:37:42.670548,2025-10-22 18:45:11.950548,WARNING,0
2025-10-22 18:38:51.790548,2025-10-22 18:46:38.350548,WARNING,1
2025-10-22 18:40:18.190548,2025-10-22 18:47:47.470548,WARNING,2
2025-10-22 18:41:44.590548,2025-10-22 18:48:56.590548,WARNING,3
2025-10-22 18:43:10.990548,2025-10-22 18:50:05.710548,WARNING,4
2025-10-22 18:44:37.390548,2025-10-22 18:51:32.110548,WARNING,5
2025-10-22 18:45:29.230548,2025-10-22 18:52:58.510548,WARNING,6
2025-10-22 18:46:38.350548,2025-10-22 18:54:07.630548,WARNING,7
2025-10-22 18:48:04.750548,2025-10-22 18:55:34.030548,WARNING,8
2025-10-22 18:49:13.870548,2025-10-22 18:56:43.150548,CRITICAL,9
2025-10-22 18:50:22.990548,2025-10-22 18:58:09.550548,CRITICAL,10
2025-10-22 18:51:49.390548,2025-10-22 18:59:01.390548,CRITICAL,11
2025-10-22 18:53:15.790548,2025-10-22 19:00:27.790548,CRITICAL,12
2025-10-22 18:54:24.910548,2025-10-22 19:01:19.630548,CRITICAL,13
2025-10-22 18:55:51.310548,2025-10-22 19:02:46.030548,CRITICAL,14
2025-10-22 18:57:00.430548,2025-10-22 19:03:37.870548,CRITICAL,15
2025-10-22 18:58:26.830548,2025-10-22 19:04:46.990548,CRITICAL,16
2025-10-22 18:59:18.670548,2025-10-22 19:05:21.550548,WARNING,17
2025-10-22 19:00:45.070548,2025-10-22 19:06:47.950548,WARNING,18
2025-10-22 19:01:36.910548,2025-10-22 19:08:14.350548,WARNING,19
2025-10-22 19:03:03.310548,2025-10-22 19:09:06.190548,WARNING,20
2025-10-22 19:03:37.870548,2025-10-22 19:10:32.590548,WARNING,21
2025-10-22 19:05:04.270548,2025-10-22 19:11:58.990548,WARNING,22
2025-10-22 19:05:38.830548,2025-10-22 19:12:50.830548,WARNING,23
2025-10-22 19:07:05.230548,2025-10-22 19:13:59.950548,WARNING,24
2025-10-22 19:08:31.630548,2025-10-22 19:15:26.350548,WARNING,25
2025-10-22 19:09:23.470548,2025-10-22 19:16:52.750548,WARNING,26
2025-10-22 19:10:49.870548,2025-10-22 19:18:19.150548,WARNING,27
2025-10-22 19:12:16.270548,2025-10-22 19:19:28.270548,WARNING,28
2025-10-22 19:13:08.110548,2025-10-22 19:20:20.110548,CRITICAL,29
2025-10-22 19:14:17.230548,2025-10-22 19:21:29.230548,CRITICAL,30
2025-10-22 19:15:43.630548,2025-10-22 19:22:38.350548,CRITICAL,31
2025-10-22 19:17:10.030548,2025-10-22 19:23:30.190548,CRITICAL,32
2025-10-22 19:18:36.430548,2025-10-22 19:24:22.030548,CRITICAL,33
2025-10-22 19:19:28.270548,2025-10-22 19:25:31.150548,CRITICAL,34
2025-10-22 19:20:37.390548,2025-10-22 19:26:40.270548,WARNING,35
2025-10-22 19:21:46.510548,2025-10-22 19:28:06.670548,WARNING,36
2025-10-22 19:22:55.630548,2025-10-22 19:28:58.510548,WARNING,37
2025-10-22 19:23:30.190548,2025-10-22 19:30:07.630548,WARNING,38
2025-10-22 19:24:39.310548,2025-10-22 19:30:59.470548,WARNING,39
2025-10-22 19:25:48.430548,2025-10-22 19:32:08.590548,WARNING,40
2025-10-22 19:26:57.550548,2025-10-22 19:33:17.710548,WARNING,41
2025-10-22 19:28:23.950548,2025-10-22 19:34:44.110548,WARNING,42
2025-10-22 19:29:15.790548,2025-10-22 19:35:18.670548,WARNING,43
2025-10-22 19:30:07.630548,2025-10-22 19:36:45.070548,WARNING,44
2025-10-22 19:31:16.750548,2025-10-22 19:37:54.190548,CRITICAL,45
2025-10-22 19:32:08.590548,2025-10-22 19:39:03.310548,CRITICAL,46
2025-10-22 19:33:34.990548,2025-10-22 19:39:55.150548,CRITICAL,47
2025-10-22 19:35:01.390548,2025-10-22 19:41:04.270548,CRITICAL,48
2025-10-22 19:35:35.950548,2025-10-22 19:42:13.390548,CRITICAL,49
2025-10-22 19:37:02.350548,2025-10-22 19:43:22.510548,CRITICAL,50
2025-10-22 19:38:11.470548,2025-10-22 19:44:31.630548,WARNING,51
2025-10-22 19:39:03.310548,2025-10-22 19:45:58.030548,WARNING,52
2025-10-22 19:40:12.430548,2025-10-22 19:47:07.150548,WARNING,53
2025-10-22 19:41:04.270548,2025-10-22 19:48:16.270548,WARNING,54
2025-10-22 19:42:30.670548,2025-10-22 19:49:08.110548,WARNING,55
2025-10-22 19:43:39.790548,2025-10-22 19:50:17.230548,WARNING,56
2025-10-22 19:44:48.910548,2025-10-22 19:51:26.350548,WARNING,57
2025-10-22 19:45:58.030548,2025-10-22 19:52:52.750548,WARNING,58
2025-10-22 19:47:24.430548,2025-10-22 19:54:01.870548,WARNING,59
2025-10-22 19:48:33.550548,2025-10-22 19:55:10.990548,CRITICAL,60
2025-10-22 19:49:25.390548,2025-10-22 19:56:37.390548,CRITICAL,61
2025-10-22 19:50:34.510548,2025-10-22 19:58:03.790548,CRITICAL,62
2025-10-22 19:51:43.630548,2025-10-22 19:59:12.910548,CRITICAL,63
2025-10-22 19:53:10.030548,2025-10-22 20:00:22.030548,CRITICAL,64
2025-10-22 19:54:19.150548,2025-10-22 20:01:13.870548,CRITICAL,65
2025-10-22 19:55:28.270548,2025-10-22 20:02:40.270548,CRITICAL,66
2025-10-22 19:56:54.670548,2025-10-22 20:04:06.670548,CRITICAL,67
2025-10-22 19:58:03.790548,2025-10-22 20:04:58.510548,CRITICAL,68
2025-10-22 19:59:30.190548,2025-10-22 20:05:50.350548,CRITICAL,69
2025-10-22 20:00:39.310548,2025-10-22 20:06:24.910548,CRITICAL,70
2025-10-22 20:01:31.150548,2025-10-22 20:07:51.310548,CRITICAL,71
2025-10-22 20:02:57.550548,2025-10-22 20:09:17.710548,CRITICAL,72
2025-10-22 20:04:23.950548,2025-10-22 20:10:44.110548,CRITICAL,73
2025-10-22 20:04:58.510548,2025-10-22 20:12:10.510548,CRITICAL,74
2025-10-22 20:05:50.350548,2025-10-22 20:13:19.630548,CRITICAL,75
2025-10-22 20:06:42.190548,2025-10-22 20:14:46.030548,WARNING,76
2025-10-22 20:08:08.590548,2025-10-22 20:16:12.430548,WARNING,77
2025-10-22 20:09:34.990548,2025-10-22 20:17:38.830548,WARNING,78
2025-10-22 20:11:01.390548,2025-10-22 20:18:47.950548,WARNING,79
2025-10-22 20:12:27.790548,2025-10-22 20:19:57.070548,WARNING,80
2025-10-22 20:13:36.910548,2025-10-22 20:21:23.470548,WARNING,81
2025-10-22 20:15:03.310548,2025-10-22 20:22:32.590548,CRITICAL,82
2025-10-22 20:16:29.710548,2025-10-22 20:23:58.990548,CRITICAL,83
2025-10-22 20:17:56.110548,2025-10-22 20:25:25.390548,CRITICAL,84
2025-10-22 20:19:05.230548,2025-10-22 20:26:34.510548,CRITICAL,85
2025-10-22 20:20:14.350548,2025-10-22 20:28:00.910548,CRITICAL,86
2025-10-22 20:21:40.750548,2025-10-22 20:29:10.030548,CRITICAL,87
2025-10-22 20:22:49.870548,2025-10-22 20:30:19.150548,WARNING,88
2025-10-22 20:24:16.270548,2025-10-22 20:31:45.550548,WARNING,89
2025-10-22 20:25:42.670548,2025-10-22 20:33:11.950548,WARNING,90
2025-10-22 20:26:51.790548,2025-10-22 20:34:21.070548,WARNING,91
2025-10-22 20:28:18.190548,2025-10-22 20:35:47.470548,WARNING,92
2025-10-22 20:29:27.310548,2025-10-22 20:36:39.310548,WARNING,93
2025-10-22 20:30:36.430548,2025-10-22 20:37:31.150548,CRITICAL,94
2025-10-22 20:32:02.830548,2025-10-22 20:38:57.550548,CRITICAL,95
2025-10-22 20:33:11.950548,2025-10-22 20:40:23.950548,CRITICAL,96
2025-10-22 20:34:38.350548,2025-10-22 20:41:33.070548,CRITICAL,97
2025-10-22 20:36:04.750548,2025-10-22 20:42:59.470548,CRITICAL,98
2025-10-22 20:36:56.590548,2025-10-22 20:44:25.870548,CRITICAL,99
2025-10-22 20:37:48.430548,2025-10-22 20:45:34.990548,WARNING,100
2025-10-22 20:39:14.830548,2025-10-22 20:46:44.110548,WARNING,101
2025-10-22 20:40:23.950548,2025-10-22 20:48:10.510548,WARNING,102
2025-10-22 20:41:50.350548,2025-10-22 20:49:19.630548,WARNING,103
2025-10-22 20:43:16.750548,2025-10-22 20:50:28.750548,WARNING,104
2025-10-22 20:44:43.150548,2025-10-22 20:51:20.590548,CRITICAL,105
2025-10-22 20:45:52.270548,2025-10-22 20:52:29.710548,CRITICAL,106
2025-10-22 20:47:01.390548,2025-10-22 20:53:56.110548,CRITICAL,107
2025-10-22 20:48:27.790548,2025-10-22 20:55:22.510548,CRITICAL,108
2025-10-22 20:49:36.910548,2025-10-22 20:56:48.910548,CRITICAL,109
2025-10-22 20:50:46.030548,2025-10-22 20:58:15.310548,CRITICAL,110
2025-10-22 20:51:37.870548,2025-10-22 20:59:07.150548,WARNING,111
2025-10-22 20:52:46.990548,2025-10-22 21:00:16.270548,WARNING,112
2025-10-22 20:54:13.390548,2025-10-22 21:01:08.110548,WARNING,113
2025-10-22 20:55:39.790548,2025-10-22 21:02:17.230548,WARNING,114
2025-10-22 20:57:06.190548,2025-10-22 21:03:26.350548,WARNING,115
2025-10-22 20:58:15.310548,2025-10-22 21:04:35.470548,WARNING,116
2025-10-22 20:59:24.430548,2025-10-22 21:05:44.590548,WARNING,117
2025-10-22 21:00:33.550548,2025-10-22 21:06:53.710548,WARNING,118
2025-10-22 21:01:25.390548,2025-10-22 21:08:20.110548,WARNING,119
2025-10-22 21:02:34.510548,2025-10-22 21:09:46.510548,WARNING,120
2025-10-22 21:03:26.350548,2025-10-22 21:11:12.910548,WARNING,121
2025-10-22 21:04:52.750548,2025-10-22 21:12:04.750548,WARNING,122
2025-10-22 21:06:01.870548,2025-10-22 21:13:13.870548,CRITICAL,123
2025-10-22 21:07:10.990548,2025-10-22 21:14:22.990548,CRITICAL,124
2025-10-22 21:08:37.390548,2025-10-22 21:15:49.390548,CRITICAL,125
2025-10-22 21:10:03.790548,2025-10-22 21:17:15.790548,CRITICAL,126
2025-10-22 21:11:30.190548,2025-10-22 21:18:42.190548,CRITICAL,127
2025-10-22 21:12:22.030548,2025-10-22 21:20:08.590548,CRITICAL,128
2025-10-22 21:13:31.150548,2025-10-22 21:21:34.990548,WARNING,129
2025-10-22 21:14:40.270548,2025-10-22 21:22:44.110548,WARNING,130
2025-10-22 21:16:06.670548,2025-10-22 21:23:53.230548,WARNING,131
2025-10-22 21:17:33.070548,2025-10-22 21:25:02.350548,WARNING,132
2025-10-22 21:18:59.470548,2025-10-22 21:26:11.470548,WARNING,133
2025-10-22 21:20:25.870548,2025-10-22 21:27:20.590548,WARNING,134
2025-10-22 21:21:52.270548,2025-10-22 21:28:29.710548,WARNING,135
2025-10-22 21:23:01.390548,2025-10-22 21:29:38.830548,WARNING,136
2025-10-22 21:24:10.510548,2025-10-22 21:30:47.950548,WARNING,137
2025-10-22 21:25:19.630548,2025-10-22 21:32:14.350548,WARNING,138
2025-10-22 21:26:28.750548,2025-10-22 21:33:23.470548,WARNING,139
2025-10-22 21:27:37.870548,2025-10-22 21:34:15.310548,WARNING,140
2025-10-22 21:28:46.990548,2025-10-22 21:35:07.150548,WARNING,141
2025-10-22 21:29:38.830548,2025-10-22 21:36:16.270548,WARNING,142
2025-10-22 21:31:05.230548,2025-10-22 21:37:25.390548,WARNING,143
2025-10-22 21:32:14.350548,2025-10-22 21:38:17.230548,WARNING,144
2025-10-22 21:33:40.750548,2025-10-22 21:39:43.630548,WARNING,145
2025-10-22 21:34:32.590548,2025-10-22 21:40:52.750548,CRITICAL,146
2025-10-22 21:35:24.430548,2025-10-22 21:42:19.150548,CRITICAL,147
2025-10-22 21:36:33.550548,2025-10-22 21:43:45.550548,CRITICAL,148
2025-10-22 21:37:42.670548,2025-10-22 21:44:37.390548,CRITICAL,149
2025-10-22 21:38:34.510548,2025-10-22 21:46:03.790548,CRITICAL,150
2025-10-22 21:40:00.910548,2025-10-22 21:47:30.190548,CRITICAL,151
2025-10-22 21:41:10.030548,2025-10-22 21:48:39.310548,WARNING,152
2025-10-22 21:42:36.430548,2025-10-22 21:49:48.430548,WARNING,153
2025-10-22 21:43:45.550548,2025-10-22 21:50:57.550548,WARNING,154
2025-10-22 21:44:54.670548,2025-10-22 21:52:06.670548,CRITICAL,155
2025-10-22 21:46:21.070548,2025-10-22 21:52:58.510548,CRITICAL,156
2025-10-22 21:47:30.190548,2025-10-22 21:54:24.910548,CRITICAL,157
2025-10-22 21:48:56.590548,2025-10-22 21:55:51.310548,CRITICAL,158
2025-10-22 21:49:48.430548,2025-10-22 21:57:17.710548,CRITICAL,159
2025-10-22 21:51:14.830548,2025-10-22 21:58:26.830548,CRITICAL,160
2025-10-22 21:52:23.950548,2025-10-22 21:59:53.230548,WARNING,161
2025-10-22 21:53:15.790548,2025-10-22 22:01:02.350548,WARNING,162
2025-10-22 21:54:42.190548,2025-10-22 22:02:28.750548,WARNING,163
2025-10-22 21:56:08.590548,2025-10-22 22:03:55.150548,WARNING,164
2025-10-22 21:57:17.710548,2025-10-22 22:05:04.270548,WARNING,165
2025-10-22 21:58:44.110548,2025-10-22 22:06:30.670548,WARNING,166
2025-10-22 22:00:10.510548,2025-10-22 22:07:57.070548,WARNING,167
2025-10-22 22:01:19.630548,2025-10-22 22:08:48.910548,WARNING,168
2025-10-22 22:02:46.030548,2025-10-22 22:10:15.310548,WARNING,169
2025-10-22 22:04:12.430548,2025-10-22 22:11:24.430548,WARNING,170
2025-10-22 22:05:21.550548,2025-10-22 22:12:16.270548,WARNING,171
2025-10-22 22:06:47.950548,2025-10-22 22:13:25.390548,WARNING,172
2025-10-22 22:08:14.350548,2025-10-22 22:14:34.510548,WARNING,173
2025-10-22 22:09:06.190548,2025-10-22 22:15:26.350548,WARNING,174
2025-10-22 22:10:32.590548,2025-10-22 22:16:35.470548,WARNING,175
2025-10-22 22:11:41.710548,2025-10-22 22:18:01.870548,WARNING,176
2025-10-22 22:12:33.550548,2025-10-22 22:18:53.710548,WARNING,177
2025-10-22 22:13:42.670548,2025-10-22 22:20:20.110548,WARNING,178
2025-10-22 22:14:51.790548,2025-10-22 22:21:29.230548,WARNING,179
2025-10-22 22:15:26.350548,2025-10-22 22:22:55.630548,WARNING,180
2025-10-22 22:16:52.750548,2025-10-22 22:24:04.750548,WARNING,181
2025-10-22 22:18:01.870548,2025-10-22 22:25:31.150548,WARNING,182
2025-10-22 22:19:10.990548,2025-10-22 22:26:57.550548,WARNING,183
2025-10-22 22:20:37.390548,2025-10-22 22:28:23.950548,WARNING,184
2025-10-22 22:21:46.510548,2025-10-22 22:29:50.350548,WARNING,185
2025-10-22 22:23:12.910548,2025-10-22 22:30:59.470548,WARNING,186
2025-10-22 22:24:22.030548,2025-10-22 22:32:25.870548,WARNING,187
2025-10-22 22:25:48.430548,2025-10-22 22:33:17.710548,WARNING,188
2025-10-22 22:27:14.830548,2025-10-22 22:34:26.830548,WARNING,189
2025-10-22 22:28:41.230548,2025-10-22 22:35:53.230548,WARNING,190
2025-10-22 22:30:07.630548,2025-10-22 22:37:02.350548,WARNING,191
2025-10-22 22:31:16.750548,2025-10-22 22:38:28.750548,WARNING,192
2025-10-22 22:32:43.150548,2025-10-22 22:39:37.870548,WARNING,193
2025-10-22 22:33:17.710548,2025-10-22 22:41:04.270548,WARNING,194
2025-10-22 22:34:44.110548,2025-10-22 22:42:13.390548,WARNING,195
2025-10-22 22:36:10.510548,2025-10-22 22:43:39.790548,WARNING,196
2025-10-22 22:37:19.630548,2025-10-22 22:44:48.910548,WARNING,197
2025-10-22 22:38:46.030548,2025-10-22 22:45:23.470548,WARNING,198
2025-10-22 22:39:55.150548,2025-10-22 22:46:32.590548,WARNING,199
2025-10-22 22:41:21.550548,2025-10-22 22:47:58.990548,WARNING,200
2025-10-22 22:42:30.670548,2025-10-22 22:49:25.390548,WARNING,201
2025-10-22 22:43:39.790548,2025-10-22 22:50:17.230548,WARNING,202
2025-10-22 22:45:06.190548,2025-10-22 22:51:43.630548,WARNING,203
2025-10-22 22:45:40.750548,2025-10-22 22:52:52.750548,WARNING,204
2025-10-22 22:46:49.870548,2025-10-22 22:54:19.150548,WARNING,205
2025-10-22 22:48:16.270548,2025-10-22 22:55:45.550548,WARNING,206
2025-10-22 22:49:25.390548,2025-10-22 22:56:54.670548,WARNING,207
2025-10-22 22:50:34.510548,2025-10-22 22:58:21.070548,WARNING,208
2025-10-22 22:52:00.910548,2025-10-22 22:59:30.190548,WARNING,209
2025-10-22 22:53:10.030548,2025-10-22 23:00:39.310548,WARNING,210
2025-10-22 22:54:36.430548,2025-10-22 23:02:05.710548,WARNING,211
2025-10-22 22:56:02.830548,2025-10-22 23:03:32.110548,WARNING,212
2025-10-22 22:57:11.950548,2025-10-22 23:04:41.230548,WARNING,213
2025-10-22 22:58:21.070548,2025-10-22 23:06:07.630548,WARNING,214
2025-10-22 22:59:47.470548,2025-10-22 23:06:59.470548,WARNING,215
2025-10-22 23:00:56.590548,2025-10-22 23:08:25.870548,WARNING,216
2025-10-22 23:02:22.990548,2025-10-22 23:09:34.990548,WARNING,217
2025-10-22 23:03:49.390548,2025-10-22 23:10:26.830548,WARNING,218
2025-10-22 23:04:58.510548,2025-10-22 23:11:53.230548,WARNING,219
2025-10-22 23:06:07.630548,2025-10-22 23:12:45.070548,CRITICAL,220
2025-10-22 23:07:16.750548,2025-10-22 23:13:54.190548,CRITICAL,221
2025-10-22 23:08:43.150548,2025-10-22 23:15:20.590548,CRITICAL,222
2025-10-22 23:09:34.990548,2025-10-22 23:16:12.430548,CRITICAL,223
2025-10-22 23:10:44.110548,2025-10-22 23:17:38.830548,CRITICAL,224
2025-10-22 23:11:53.230548,2025-10-22 23:19:05.230548,CRITICAL,225
2025-10-22 23:13:02.350548,2025-10-22 23:20:14.350548,WARNING,226
2025-10-22 23:14:11.470548,2025-10-22 23:21:23.470548,WARNING,227
2025-10-22 23:15:37.870548,2025-10-22 23:22:49.870548,WARNING,228
2025-10-22 23:16:29.710548,2025-10-22 23:23:41.710548,WARNING,229
2025-10-22 23:17:56.110548,2025-10-22 23:24:50.830548,WARNING,230
2025-10-22 23:19:22.510548,2025-10-22 23:25:59.950548,CRITICAL,231
2025-10-22 23:20:31.630548,2025-10-22 23:27:09.070548,CRITICAL,232
2025-10-22 23:21:40.750548,2025-10-22 23:28:00.910548,CRITICAL,233
2025-10-22 23:23:07.150548,2025-10-22 23:29:10.030548,CRITICAL,234
2025-10-22 23:23:58.990548,2025-10-22 23:30:36.430548,CRITICAL,235
2025-10-22 23:25:08.110548,2025-10-22 23:32:02.830548,CRITICAL,236
2025-10-22 23:26:17.230548,2025-10-22 23:33:11.950548,WARNING,237
2025-10-22 23:27:26.350548,2025-10-22 23:34:38.350548,WARNING,238
2025-10-22 23:28:18.190548,2025-10-22 23:35:47.470548,WARNING,239
2025-10-22 23:29:27.310548,2025-10-22 23:36:39.310548,WARNING,240
2025-10-22 23:30:53.710548,2025-10-22 23:38:05.710548,WARNING,241
2025-10-22 23:32:02.830548,2025-10-22 23:39:14.830548,WARNING,242
2025-10-22 23:33:29.230548,2025-10-22 23:40:23.950548,WARNING,243
2025-10-22 23:34:55.630548,2025-10-22 23:41:50.350548,WARNING,244
2025-10-22 23:35:47.470548,2025-10-22 23:42:59.470548,WARNING,245
2025-10-22 23:36:56.590548,2025-10-22 23:44:25.870548,WARNING,246
2025-10-22 23:38:22.990548,2025-10-22 23:45:34.990548,WARNING,247
2025-10-22 23:39:14.830548,2025-10-22 23:46:44.110548,WARNING,248
2025-10-22 23:40:41.230548,2025-10-22 23:47:18.670548,WARNING,249
2025-10-22 23:42:07.630548,2025-10-22 23:48:45.070548,WARNING,250
2025-10-22 23:43:16.750548,2025-10-22 23:50:11.470548,WARNING,251
2025-10-22 23:44:43.150548,2025-10-22 23:51:03.310548,WARNING,252
2025-10-22 23:45:52.270548,2025-10-22 23:52:12.430548,WARNING,253
2025-10-22 23:47:01.390548,2025-10-22 23:53:38.830548,WARNING,254
2025-10-22 23:47:35.950548,2025-10-22 23:54:47.950548,WARNING,255
2025-10-22 23:49:02.350548,2025-10-22 23:55:57.070548,WARNING,256
2025-10-22 23:50:28.750548,2025-10-22 23:57:06.190548,WARNING,257
2025-10-22 23:51:20.590548,2025-10-22 23:58:15.310548,WARNING,258
2025-10-22 23:52:29.710548,2025-10-22 23:58:49.870548,WARNING,259
2025-10-22 23:53:56.110548,2025-10-22 23:59:58.990548,CRITICAL,260
2025-10-22 23:55:05.230548,2025-10-23 00:01:25.390548,CRITICAL,261
2025-10-22 23:56:14.350548,2025-10-23 00:02:34.510548,CRITICAL,262
2025-10-22 23:57:23.470548,2025-10-23 00:03:43.630548,CRITICAL,263
2025-10-22 23:58:32.590548,2025-10-23 00:04:52.750548,CRITICAL,264
2025-10-22 23:59:07.150548,2025-10-23 00:06:19.150548,CRITICAL,265
2025-10-23 00:00:16.270548,2025-10-23 00:07:28.270548,WARNING,266
2025-10-23 00:01:42.670548,2025-10-23 00:08:20.110548,WARNING,267
2025-10-23 00:02:51.790548,2025-10-23 00:09:11.950548,WARNING,268
2025-10-23 00:04:00.910548,2025-10-23 00:10:38.350548,WARNING,269
2025-10-23 00:05:10.030548,2025-10-23 00:11:12.910548,WARNING,270
2025-10-23 00:06:36.430548,2025-10-23 00:11:47.470548,WARNING,271
2025-10-23 00:07:28.270548,2025-10-23 00:12:56.590548,WARNING,272
2025-10-23 00:08:37.390548,2025-10-23 00:14:22.990548,WARNING,273
2025-10-23 00:09:29.230548,2025-10-23 00:15:32.110548,WARNING,274
2025-10-23 00:10:55.630548,2025-10-23 00:16:58.510548,WARNING,275
2025-10-23 00:11:30.190548,2025-10-23 00:18:24.910548,WARNING,276
2025-10-23 00:12:04.750548,2025-10-23 00:19:51.310548,WARNING,277
2025-10-23 00:13:13.870548,2025-10-23 00:21:00.430548,WARNING,278
2025-10-23 00:14:22.990548,2025-10-23 00:22:26.830548,WARNING,279
2025-10-23 00:15:49.390548,2025-10-23 00:23:35.950548,WARNING,280
2025-10-23 00:17:15.790548,2025-10-23 00:25:02.350548,WARNING,281
2025-10-23 00:18:42.190548,2025-10-23 00:26:28.750548,WARNING,282
2025-10-23 00:20:08.590548,2025-10-23 00:27:20.590548,CRITICAL,283
2025-10-23 00:21:17.710548,2025-10-23 00:28:29.710548,CRITICAL,284
2025-10-23 00:22:44.110548,2025-10-23 00:29:56.110548,CRITICAL,285
2025-10-23 00:23:53.230548,2025-10-23 00:30:47.950548,CRITICAL,286
2025-10-23 00:25:19.630548,2025-10-23 00:31:57.070548,CRITICAL,287
2025-10-23 00:26:46.030548,2025-10-23 00:32:48.910548,CRITICAL,288
2025-10-23 00:27:37.870548,2025-10-23 00:34:15.310548,CRITICAL,289
2025-10-23 00:28:46.990548,2025-10-23 00:35:24.430548,WARNING,290
2025-10-23 00:29:56.110548,2025-10-23 00:36:33.550548,WARNING,291
2025-10-23 00:31:05.230548,2025-10-23 00:37:42.670548,WARNING,292
2025-10-23 00:32:14.350548,2025-10-23 00:38:51.790548,WARNING,293
2025-10-23 00:33:06.190548,2025-10-23 00:40:18.190548,WARNING,294
2025-10-23 00:34:32.590548,2025-10-23 00:41:44.590548,WARNING,295
2025-10-23 00:35:41.710548,2025-10-23 00:43:10.990548,WARNING,296
2025-10-23 00:36:50.830548,2025-10-23 00:44:02.830548,WARNING,297
2025-10-23 00:37:59.950548,2025-10-23 00:45:29.230548,WARNING,298
2025-10-23 00:39:09.070548,2025-10-23 00:46:55.630548,WARNING,299
2025-10-23 00:40:35.470548,2025-10-23 00:48:22.030548,WARNING,300
2025-10-23 00:42:01.870548,2025-10-23 00:49:48.430548,WARNING,301
2025-10-23 00:43:28.270548,2025-10-23 00:50:57.550548,WARNING,302
2025-10-23 00:44:20.110548,2025-10-23 00:52:23.950548,WARNING,303
2025-10-23 00:45:46.510548,2025-10-23 00:53:33.070548,WARNING,304
2025-10-23 00:47:12.910548,2025-10-23 00:54:42.190548,WARNING,305
2025-10-23 00:48:39.310548,2025-10-23 00:55:51.310548,WARNING,306
2025-10-23 00:49:48.430548,2025-10-23 00:57:00.430548,WARNING,307
2025-10-23 00:51:14.830548,2025-10-23 00:58:26.830548,WARNING,308
2025-10-23 00:52:41.230548,2025-10-23 00:59:35.950548,WARNING,309
2025-10-23 00:53:50.350548,2025-10-23 01:00:27.790548,WARNING,310
2025-10-23 00:54:42.190548,2025-10-23 01:01:54.190548,WARNING,311
2025-10-23 00:56:08.590548,2025-10-23 01:03:03.310548,WARNING,312
2025-10-23 00:57:17.710548,2025-10-23 01:04:12.430548,WARNING,313
2025-10-23 00:58:26.830548,2025-10-23 01:05:38.830548,WARNING,314
2025-10-23 00:59:53.230548,2025-10-23 01:06:47.950548,CRITICAL,315
2025-10-23 01:00:45.070548,2025-10-23 01:08:14.350548,CRITICAL,316
2025-10-23 01:02:11.470548,2025-10-23 01:09:40.750548,CRITICAL,317
2025-10-23 01:03:20.590548,2025-10-23 01:10:15.310548,CRITICAL,318
2025-10-23 01:04:29.710548,2025-10-23 01:11:07.150548,CRITICAL,319
2025-10-23 01:05:56.110548,2025-10-23 01:12:33.550548,CRITICAL,320
2025-10-23 01:07:05.230548,2025-10-23 01:13:42.670548,CRITICAL,321
2025-10-23 01:08:31.630548,2025-10-23 01:15:09.070548,CRITICAL,322
2025-10-23 01:09:58.030548,2025-10-23 01:16:00.910548,CRITICAL,323
2025-10-23 01:10:32.590548,2025-10-23 01:17:10.030548,WARNING,324
2025-10-23 01:11:24.430548,2025-10-23 01:18:19.150548,WARNING,325
2025-10-23 01:12:50.830548,2025-10-23 01:19:45.550548,WARNING,326
2025-10-23 01:13:59.950548,2025-10-23 01:20:37.390548,WARNING,327
2025-10-23 01:15:26.350548,2025-10-23 01:22:03.790548,WARNING,328
2025-10-23 01:16:18.190548,2025-10-23 01:22:55.630548,WARNING,329
2025-10-23 01:17:27.310548,2025-10-23 01:23:47.470548,WARNING,330
2025-10-23 01:18:36.430548,2025-10-23 01:24:39.310548,WARNING,331
2025-10-23 01:19:45.550548,2025-10-23 01:26:05.710548,WARNING,332
2025-10-23 01:20:54.670548,2025-10-23 01:26:57.550548,WARNING,333
2025-10-23 01:22:21.070548,2025-10-23 01:28:23.950548,WARNING,334
2025-10-23 01:22:55.630548,2025-10-23 01:29:15.790548,WARNING,335
2025-10-23 01:23:47.470548,2025-10-23 01:30:24.910548,WARNING,336
2025-10-23 01:24:56.590548,2025-10-23 01:31:34.030548,WARNING,337
2025-10-23 01:26:22.990548,2025-10-23 01:32:25.870548,WARNING,338
2025-10-23 01:27:14.830548,2025-10-23 01:33:52.270548,CRITICAL,339
2025-10-23 01:28:23.950548,2025-10-23 01:34:44.110548,CRITICAL,340
2025-10-23 01:29:33.070548,2025-10-23 01:35:35.950548,CRITICAL,341
2025-10-23 01:30:42.190548,2025-10-23 01:36:45.070548,CRITICAL,342
2025-10-23 01:31:51.310548,2025-10-23 01:37:36.910548,CRITICAL,343
2025-10-23 01:32:43.150548,2025-10-23 01:38:28.750548,CRITICAL,344
2025-10-23 01:33:52.270548,2025-10-23 01:39:55.150548,WARNING,345
2025-10-23 01:35:01.390548,2025-10-23 01:41:21.550548,WARNING,346
2025-10-23 01:35:53.230548,2025-10-23 01:42:30.670548,CRITICAL,347
2025-10-23 01:36:45.070548,2025-10-23 01:43:39.790548,CRITICAL,348
2025-10-23 01:37:36.910548,2025-10-23 01:45:06.190548,CRITICAL,349
2025-10-23 01:38:46.030548,2025-10-23 01:46:15.310548,CRITICAL,350
2025-10-23 01:40:12.430548,2025-10-23 01:47:07.150548,CRITICAL,351
2025-10-23 01:41:38.830548,2025-10-23 01:48:16.270548,CRITICAL,352
2025-10-23 01:42:47.950548,2025-10-23 01:48:50.830548,WARNING,353
2025-10-23 01:43:57.070548,2025-10-23 01:49:59.950548,WARNING,354
2025-10-23 01:45:06.190548,2025-10-23 01:51:26.350548,WARNING,355
2025-10-23 01:46:32.590548,2025-10-23 01:52:52.750548,WARNING,356
2025-10-23 01:47:07.150548,2025-10-23 01:54:19.150548,WARNING,357
2025-10-23 01:48:16.270548,2025-10-23 01:55:28.270548,WARNING,358
2025-10-23 01:48:50.830548,2025-10-23 01:56:54.670548,WARNING,359
2025-10-23 01:50:17.230548,2025-10-23 01:58:21.070548,WARNING,360
2025-10-23 01:51:43.630548,2025-10-23 01:59:47.470548,WARNING,361
2025-10-23 01:53:10.030548,2025-10-23 02:00:56.590548,WARNING,362
2025-10-23 01:54:36.430548,2025-10-23 02:02:05.710548,WARNING,363
2025-10-23 01:55:45.550548,2025-10-23 02:03:14.830548,WARNING,364
2025-10-23 01:57:11.950548,2025-10-23 02:04:41.230548,WARNING,365
2025-10-23 01:58:38.350548,2025-10-23 02:06:07.630548,WARNING,366
2025-10-23 01:59:47.470548,2025-10-23 02:07:34.030548,WARNING,367
2025-10-23 02:01:13.870548,2025-10-23 02:08:43.150548,WARNING,368
2025-10-23 02:02:22.990548,2025-10-23 02:09:52.270548,WARNING,369
2025-10-23 02:03:32.110548,2025-10-23 02:10:44.110548,WARNING,370
2025-10-23 02:04:58.510548,2025-10-23 02:12:10.510548,WARNING,371
2025-10-23 02:06:24.910548,2025-10-23 02:13:19.630548,WARNING,372
2025-10-23 02:07:51.310548,2025-10-23 02:14:46.030548,WARNING,373
2025-10-23 02:08:43.150548,2025-10-23 02:16:12.430548,WARNING,374
2025-10-23 02:09:52.270548,2025-10-23 02:17:04.270548,WARNING,375
2025-10-23 02:11:01.390548,2025-10-23 02:18:13.390548,WARNING,376
2025-10-23 02:12:10.510548,2025-10-23 02:18:47.950548,WARNING,377
2025-10-23 02:13:36.910548,2025-10-23 02:19:39.790548,WARNING,378
2025-10-23 02:15:03.310548,2025-10-23 02:21:06.190548,WARNING,379
2025-10-23 02:16:29.710548,2025-10-23 02:22:32.590548,WARNING,380
2025-10-23 02:17:21.550548,2025-10-23 02:23:41.710548,WARNING,381
2025-10-23 02:18:30.670548,2025-10-23 02:24:50.830548,WARNING,382
2025-10-23 02:18:47.950548,2025-10-23 02:26:17.230548,WARNING,383
2025-10-23 02:19:57.070548,2025-10-23 02:27:43.630548,WARNING,384
2025-10-23 02:21:23.470548,2025-10-23 02:29:10.030548,WARNING,385
2025-10-23 02:22:49.870548,2025-10-23 02:30:36.430548,WARNING,386
2025-10-23 02:23:58.990548,2025-10-23 02:31:45.550548,WARNING,387
2025-10-23 02:25:08.110548,2025-10-23 02:32:37.390548,WARNING,388
2025-10-23 02:26:34.510548,2025-10-23 02:33:46.510548,WARNING,389
2025-10-23 02:28:00.910548,2025-10-23 02:34:55.630548,WARNING,390
2025-10-23 02:29:27.310548,2025-10-23 02:35:47.470548,CRITICAL,391
2025-10-23 02:30:53.710548,2025-10-23 02:36:56.590548,CRITICAL,392
2025-10-23 02:32:02.830548,2025-10-23 02:38:05.710548,CRITICAL,393
2025-10-23 02:32:54.670548,2025-10-23 02:39:32.110548,CRITICAL,394
2025-10-23 02:33:46.510548,2025-10-23 02:40:58.510548,CRITICAL,395
2025-10-23 02:35:12.910548,2025-10-23 02:41:50.350548,CRITICAL,396
2025-10-23 02:36:04.750548,2025-10-23 02:42:42.190548,CRITICAL,397
2025-10-23 02:37:13.870548,2025-10-23 02:43:51.310548,CRITICAL,398
2025-10-23 02:38:22.990548,2025-10-23 02:45:00.430548,CRITICAL,399
2025-10-23 02:39:49.390548,2025-10-23 02:46:09.550548,CRITICAL,400
2025-10-23 02:41:15.790548,2025-10-23 02:47:18.670548,CRITICAL,401
2025-10-23 02:42:07.630548,2025-10-23 02:47:53.230548,CRITICAL,402
2025-10-23 02:42:59.470548,2025-10-23 02:49:19.630548,CRITICAL,403
2025-10-23 02:44:08.590548,2025-10-23 02:50:11.470548,CRITICAL,404
2025-10-23 02:45:17.710548,2025-10-23 02:51:37.870548,CRITICAL,405
2025-10-23 02:46:26.830548,2025-10-23 02:53:04.270548,CRITICAL,406
2025-10-23 02:47:18.670548,2025-10-23 02:54:13.390548,CRITICAL,407
2025-10-23 02:48:10.510548,2025-10-23 02:55:39.790548,WARNING,408
2025-10-23 02:49:36.910548,2025-10-23 02:57:06.190548,WARNING,409
2025-10-23 02:50:28.750548,2025-10-23 02:58:32.590548,WARNING,410
2025-10-23 02:51:55.150548,2025-10-23 02:59:58.990548,WARNING,411
2025-10-23 02:53:21.550548,2025-10-23 03:01:08.110548,WARNING,412
2025-10-23 02:54:30.670548,2025-10-23 03:02:34.510548,WARNING,413
2025-10-23 02:55:57.070548,2025-10-23 03:03:43.630548,WARNING,414
2025-10-23 02:57:23.470548,2025-10-23 03:05:10.030548,WARNING,415
2025-10-23 02:58:49.870548,2025-10-23 03:06:36.430548,WARNING,416
2025-10-23 03:00:16.270548,2025-10-23 03:08:02.830548,WARNING,417
2025-10-23 03:01:25.390548,2025-10-23 03:08:54.670548,WARNING,418
2025-10-23 03:02:51.790548,2025-10-23 03:10:03.790548,WARNING,419
2025-10-23 03:04:00.910548,2025-10-23 03:11:30.190548,WARNING,420
2025-10-23 03:05:27.310548,2025-10-23 03:12:56.590548,WARNING,421
2025-10-23 03:06:53.710548,2025-10-23 03:13:48.430548,WARNING,422
2025-10-23 03:08:20.110548,2025-10-23 03:15:14.830548,CRITICAL,423
2025-10-23 03:08:54.670548,2025-10-23 03:16:06.670548,CRITICAL,424
2025-10-23 03:10:21.070548,2025-10-23 03:17:15.790548,CRITICAL,425
2025-10-23 03:11:47.470548,2025-10-23 03:18:42.190548,CRITICAL,426
2025-10-23 03:13:13.870548,2025-10-23 03:20:08.590548,CRITICAL,427
2025-10-23 03:14:05.710548,2025-10-23 03:21:34.990548,CRITICAL,428
2025-10-23 03:15:14.830548,2025-10-23 03:22:44.110548,WARNING,429
2025-10-23 03:16:23.950548,2025-10-23 03:24:10.510548,WARNING,430
2025-10-23 03:17:33.070548,2025-10-23 03:25:19.630548,WARNING,431
2025-10-23 03:18:59.470548,2025-10-23 03:26:46.030548,WARNING,432
2025-10-23 03:20:25.870548,2025-10-23 03:27:37.870548,CRITICAL,433
2025-10-23 03:21:52.270548,2025-10-23 03:28:46.990548,CRITICAL,434
2025-10-23 03:23:01.390548,2025-10-23 03:30:13.390548,CRITICAL,435
2025-10-23 03:24:27.790548,2025-10-23 03:31:22.510548,CRITICAL,436
2025-10-23 03:25:36.910548,2025-10-23 03:32:14.350548,CRITICAL,437
2025-10-23 03:26:46.030548,2025-10-23 03:33:06.190548,CRITICAL,438
2025-10-23 03:27:55.150548,2025-10-23 03:33:58.030548,WARNING,439
2025-10-23 03:29:04.270548,2025-10-23 03:34:32.590548,CRITICAL,440
2025-10-23 03:30:30.670548,2025-10-23 03:35:41.710548,CRITICAL,441
2025-10-23 03:31:22.510548,2025-10-23 03:36:50.830548,CRITICAL,442
2025-10-23 03:32:14.350548,2025-10-23 03:38:17.230548,CRITICAL,443
2025-10-23 03:33:23.470548,2025-10-23 03:39:09.070548,CRITICAL,444
2025-10-23 03:34:15.310548,2025-10-23 03:40:00.910548,CRITICAL,445
2025-10-23 03:34:49.870548,2025-10-23 03:41:27.310548,WARNING,446
2025-10-23 03:35:58.990548,2025-10-23 03:42:36.430548,WARNING,447
2025-10-23 03:37:08.110548,2025-10-23 03:43:28.270548,CRITICAL,448
2025-10-23 03:38:34.510548,2025-10-23 03:44:20.110548,CRITICAL,449
2025-10-23 03:39:26.350548,2025-10-23 03:45:29.230548,CRITICAL,450
2025-10-23 03:40:18.190548,2025-10-23 03:46:55.630548,CRITICAL,451
2025-10-23 03:41:27.310548,2025-10-23 03:48:04.750548,CRITICAL,452
2025-10-23 03:42:53.710548,2025-10-23 03:49:13.870548,CRITICAL,453
2025-10-23 03:43:45.550548,2025-10-23 03:50:05.710548,CRITICAL,454
2025-10-23 03:44:37.390548,2025-10-23 03:51:32.110548,CRITICAL,455
2025-10-23 03:45:46.510548,2025-10-23 03:52:41.230548,CRITICAL,456
2025-10-23 03:47:12.910548,2025-10-23 03:54:07.630548,CRITICAL,457
2025-10-23 03:48:22.030548,2025-10-23 03:55:34.030548,CRITICAL,458
2025-10-23 03:49:13.870548,2025-10-23 03:57:00.430548,CRITICAL,459
2025-10-23 03:50:22.990548,2025-10-23 03:58:09.550548,WARNING,460
2025-10-23 03:51:32.110548,2025-10-23 03:59:01.390548,CRITICAL,461
2025-10-23 03:52:58.510548,2025-10-23 03:59:53.230548,CRITICAL,462
2025-10-23 03:54:24.910548,2025-10-23 04:01:19.630548,CRITICAL,463
2025-10-23 03:55:51.310548,2025-10-23 04:02:46.030548,CRITICAL,464
2025-10-23 03:57:17.710548,2025-10-23 04:03:55.150548,CRITICAL,465
2025-10-23 03:58:26.830548,2025-10-23 04:05:21.550548,CRITICAL,466
2025-10-23 03:59:01.390548,2025-10-23 04:06:30.670548,CRITICAL,467
2025-10-23 04:00:10.510548,2025-10-23 04:07:22.510548,CRITICAL,468
2025-10-23 04:01:36.910548,2025-10-23 04:08:31.630548,CRITICAL,469
2025-10-23 04:03:03.310548,2025-10-23 04:09:40.750548,CRITICAL,470
2025-10-23 04:04:12.430548,2025-10-23 04:10:49.870548,CRITICAL,471
2025-10-23 04:05:38.830548,2025-10-23 04:11:41.710548,CRITICAL,472
2025-10-23 04:06:30.670548,2025-10-23 04:12:50.830548,CRITICAL,473
2025-10-23 04:07:39.790548,2025-10-23 04:14:17.230548,CRITICAL,474
2025-10-23 04:08:48.910548,2025-10-23 04:15:26.350548,CRITICAL,475
2025-10-23 04:09:58.030548,2025-10-23 04:16:18.190548,CRITICAL,476
2025-10-23 04:11:07.150548,2025-10-23 04:17:10.030548,CRITICAL,477
2025-10-23 04:11:58.990548,2025-10-23 04:18:01.870548,WARNING,478
2025-10-23 04:13:08.110548,2025-10-23 04:19:10.990548,WARNING,479
2025-10-23 04:14:34.510548,2025-10-23 04:19:45.550548,WARNING,480
2025-10-23 04:15:43.630548,2025-10-23 04:21:11.950548,WARNING,481
2025-10-23 04:16:35.470548,2025-10-23 04:22:21.070548,WARNING,482
2025-10-23 04:17:10.030548,2025-10-23 04:23:30.190548,CRITICAL,483
2025-10-23 04:18:19.150548,2025-10-23 04:24:56.590548,CRITICAL,484
2025-10-23 04:19:28.270548,2025-10-23 04:26:05.710548,CRITICAL,485
2025-10-23 04:20:02.830548,2025-10-23 04:27:14.830548,CRITICAL,486
2025-10-23 04:21:29.230548,2025-10-23 04:28:23.950548,CRITICAL,487
2025-10-23 04:22:38.350548,2025-10-23 04:29:50.350548,CRITICAL,488
2025-10-23 04:23:47.470548,2025-10-23 04:31:16.750548,WARNING,489
2025-10-23 04:25:13.870548,2025-10-23 04:32:08.590548,WARNING,490
2025-10-23 04:26:05.710548,2025-10-23 04:33:17.710548,WARNING,491
2025-10-23 04:27:32.110548,2025-10-23 04:34:44.110548,WARNING,492
2025-10-23 04:28:41.230548,2025-10-23 04:36:10.510548,WARNING,493
2025-10-23 04:30:07.630548,2025-10-23 04:37:36.910548,WARNING,494
2025-10-23 04:31:16.750548,2025-10-23 04:38:28.750548,CRITICAL,495
2025-10-23 04:32:08.590548,2025-10-23 04:39:20.590548,CRITICAL,496
2025-10-23 04:33:34.990548,2025-10-23 04:40:46.990548,CRITICAL,497
2025-10-23 04:35:01.390548,2025-10-23 04:41:56.110548,CRITICAL,498
2025-10-23 04:36:27.790548,2025-10-23 04:43:05.230548,CRITICAL,499
2025-10-23 04:37:54.190548,2025-10-23 04:44:14.350548,CRITICAL,500
2025-10-23 04:38:46.030548,2025-10-23 04:45:40.750548,CRITICAL,501
2025-10-23 04:39:37.870548,2025-10-23 04:46:32.590548,WARNING,502
2025-10-23 04:41:04.270548,2025-10-23 04:47:41.710548,WARNING,503
2025-10-23 04:42:13.390548,2025-10-23 04:48:50.830548,WARNING,504
2025-10-23 04:43:05.230548,2025-10-23 04:49:42.670548,CRITICAL,505
2025-10-23 04:44:31.630548,2025-10-23 04:51:09.070548,CRITICAL,506
2025-10-23 04:45:40.750548,2025-10-23 04:52:18.190548,CRITICAL,507
2025-10-23 04:46:49.870548,2025-10-23 04:53:27.310548,CRITICAL,508
2025-10-23 04:47:58.990548,2025-10-23 04:54:36.430548,CRITICAL,509
2025-10-23 04:48:50.830548,2025-10-23 04:56:02.830548,CRITICAL,510
2025-10-23 04:49:59.950548,2025-10-23 04:57:11.950548,CRITICAL,511
2025-10-23 04:51:26.350548,2025-10-23 04:58:38.350548,CRITICAL,512
2025-10-23 04:52:35.470548,2025-10-23 04:59:47.470548,CRITICAL,513
2025-10-23 04:53:27.310548,2025-10-23 05:01:13.870548,WARNING,514
2025-10-23 04:54:53.710548,2025-10-23 05:02:05.710548,WARNING,515
2025-10-23 04:56:02.830548,2025-10-23 05:03:14.830548,WARNING,516
2025-10-23 04:57:29.230548,2025-10-23 05:04:41.230548,WARNING,517
2025-10-23 04:58:55.630548,2025-10-23 05:05:50.350548,WARNING,518
2025-10-23 05:00:04.750548,2025-10-23 05:07:16.750548,WARNING,519
2025-10-23 05:01:13.870548,2025-10-23 05:08:43.150548,WARNING,520
2025-10-23 05:02:22.990548,2025-10-23 05:09:52.270548,WARNING,521
2025-10-23 05:03:32.110548,2025-10-23 05:11:01.390548,WARNING,522
2025-10-23 05:04:58.510548,2025-10-23 05:12:10.510548,WARNING,523
2025-10-23 05:06:07.630548,2025-10-23 05:13:36.910548,WARNING,524
2025-10-23 05:07:34.030548,2025-10-23 05:15:03.310548,WARNING,525
2025-10-23 05:09:00.430548,2025-10-23 05:16:12.430548,WARNING,526
2025-10-23 05:09:52.270548,2025-10-23 05:17:21.550548,WARNING,527
2025-10-23 05:11:18.670548,2025-10-23 05:18:47.950548,WARNING,528
2025-10-23 05:12:27.790548,2025-10-23 05:20:14.350548,WARNING,529
2025-10-23 05:13:54.190548,2025-10-23 05:21:40.750548,WARNING,530
2025-10-23 05:15:20.590548,2025-10-23 05:22:32.590548,CRITICAL,531
2025-10-23 05:16:29.710548,2025-10-23 05:23:41.710548,CRITICAL,532
2025-10-23 05:17:38.830548,2025-10-23 05:24:50.830548,CRITICAL,533
2025-10-23 05:19:05.230548,2025-10-23 05:25:59.950548,CRITICAL,534
2025-10-23 05:20:31.630548,2025-10-23 05:27:26.350548,CRITICAL,535
2025-10-23 05:21:58.030548,2025-10-23 05:28:52.750548,CRITICAL,536
2025-10-23 05:22:49.870548,2025-10-23 05:30:01.870548,WARNING,537
2025-10-23 05:23:58.990548,2025-10-23 05:30:53.710548,WARNING,538
2025-10-23 05:25:08.110548,2025-10-23 05:31:45.550548,WARNING,539
2025-10-23 05:26:17.230548,2025-10-23 05:33:11.950548,WARNING,540
2025-10-23 05:27:43.630548,2025-10-23 05:34:03.790548,CRITICAL,541
2025-10-23 05:29:10.030548,2025-10-23 05:35:12.910548,CRITICAL,542
2025-10-23 05:30:01.870548,2025-10-23 05:36:22.030548,CRITICAL,543
2025-10-23 05:31:10.990548,2025-10-23 05:37:48.430548,CRITICAL,544
2025-10-23 05:32:02.830548,2025-10-23 05:38:22.990548,CRITICAL,545
2025-10-23 05:33:29.230548,2025-10-23 05:39:49.390548,CRITICAL,546
2025-10-23 05:34:21.070548,2025-10-23 05:40:58.510548,WARNING,547
2025-10-23 05:35:30.190548,2025-10-23 05:42:24.910548,WARNING,548
2025-10-23 05:36:39.310548,2025-10-23 05:43:51.310548,WARNING,549
2025-10-23 05:38:05.710548,2025-10-23 05:45:17.710548,WARNING,550
2025-10-23 05:38:40.270548,2025-10-23 05:46:44.110548,WARNING,551
2025-10-23 05:39:49.390548,2025-10-23 05:47:53.230548,WARNING,552
2025-10-23 05:41:15.790548,2025-10-23 05:48:45.070548,WARNING,553
2025-10-23 05:42:42.190548,2025-10-23 05:49:54.190548,CRITICAL,554
2025-10-23 05:44:08.590548,2025-10-23 05:51:20.590548,CRITICAL,555
2025-10-23 05:45:34.990548,2025-10-23 05:52:29.710548,CRITICAL,556
2025-10-23 05:46:44.110548,2025-10-23 05:53:04.270548,CRITICAL,557
2025-10-23 05:48:10.510548,2025-10-23 05:54:13.390548,CRITICAL,558
2025-10-23 05:49:02.350548,2025-10-23 05:55:05.230548,CRITICAL,559
2025-10-23 05:50:11.470548,2025-10-23 05:56:14.350548,WARNING,560
2025-10-23 05:51:20.590548,2025-10-23 05:57:23.470548,WARNING,561
2025-10-23 05:52:46.990548,2025-10-23 05:58:15.310548,WARNING,562
2025-10-23 05:53:21.550548,2025-10-23 05:59:07.150548,CRITICAL,563
2025-10-23 05:54:30.670548,2025-10-23 06:00:33.550548,CRITICAL,564
2025-10-23 05:55:05.230548,2025-10-23 06:01:42.670548,CRITICAL,565
2025-10-23 05:56:31.630548,2025-10-23 06:02:51.790548,CRITICAL,566
2025-10-23 05:57:40.750548,2025-10-23 06:04:18.190548,CRITICAL,567
2025-10-23 05:58:32.590548,2025-10-23 06:05:27.310548,CRITICAL,568
2025-10-23 05:59:24.430548,2025-10-23 06:06:36.430548,WARNING,569
2025-10-23 06:00:50.830548,2025-10-23 06:08:02.830548,WARNING,570
2025-10-23 06:01:59.950548,2025-10-23 06:08:54.670548,CRITICAL,571
2025-10-23 06:03:09.070548,2025-10-23 06:10:21.070548,CRITICAL,572
2025-10-23 06:04:35.470548,2025-10-23 06:11:30.190548,CRITICAL,573
2025-10-23 06:05:44.590548,2025-10-23 06:12:39.310548,CRITICAL,574
2025-10-23 06:06:53.710548,2025-10-23 06:14:05.710548,CRITICAL,575
2025-10-23 06:08:20.110548,2025-10-23 06:15:32.110548,CRITICAL,576
2025-10-23 06:09:11.950548,2025-10-23 06:16:41.230548,WARNING,577
2025-10-23 06:10:21.070548,2025-10-23 06:17:50.350548,WARNING,578
2025-10-23 06:11:47.470548,2025-10-23 06:18:24.910548,WARNING,579
2025-10-23 06:12:56.590548,2025-10-23 06:19:51.310548,WARNING,580
2025-10-23 06:14:22.990548,2025-10-23 06:21:00.430548,WARNING,581
2025-10-23 06:15:32.110548,2025-10-23 06:21:52.270548,WARNING,582
2025-10-23 06:16:58.510548,2025-10-23 06:23:18.670548,WARNING,583
2025-10-23 06:17:50.350548,2025-10-23 06:24:45.070548,WARNING,584
2025-10-23 06:18:42.190548,2025-10-23 06:25:36.910548,WARNING,585
2025-10-23 06:20:08.590548,2025-10-23 06:26:46.030548,WARNING,586
2025-10-23 06:21:17.710548,2025-10-23 06:27:55.150548,WARNING,587
2025-10-23 06:22:09.550548,2025-10-23 06:28:46.990548,WARNING,588
2025-10-23 06:23:35.950548,2025-10-23 06:29:56.110548,WARNING,589
2025-10-23 06:24:45.070548,2025-10-23 06:30:47.950548,WARNING,590
2025-10-23 06:25:36.910548,2025-10-23 06:32:14.350548,WARNING,591
2025-10-23 06:27:03.310548,2025-10-23 06:32:31.630548,WARNING,592
2025-10-23 06:27:55.150548,2025-10-23 06:33:58.030548,WARNING,593
2025-10-23 06:29:04.270548,2025-10-23 06:35:24.430548,WARNING,594
2025-10-23 06:30:13.390548,2025-10-23 06:36:33.550548,WARNING,595
2025-10-23 06:31:05.230548,2025-10-23 06:37:59.950548,WARNING,596
2025-10-23 06:32:14.350548,2025-10-23 06:39:26.350548,WARNING,597
2025-10-23 06:32:48.910548,2025-10-23 06:40:52.750548,WARNING,598
2025-10-23 06:34:15.310548,2025-10-23 06:42:19.150548,WARNING,599
2025-10-23 06:35:41.710548,2025-10-23 06:43:45.550548,WARNING,600
2025-10-23 06:36:50.830548,2025-10-23 06:45:11.950548,WARNING,601
2025-10-23 06:38:17.230548,2025-10-23 06:46:21.070548,WARNING,602
2025-10-23 06:39:43.630548,2025-10-23 06:47:30.190548,WARNING,603
2025-10-23 06:41:10.030548,2025-10-23 06:48:22.030548,CRITICAL,604
2025-10-23 06:42:36.430548,2025-10-23 06:49:48.430548,CRITICAL,605
2025-10-23 06:44:02.830548,2025-10-23 06:50:40.270548,CRITICAL,606
2025-10-23 06:45:29.230548,2025-10-23 06:51:49.390548,CRITICAL,607
2025-10-23 06:46:38.350548,2025-10-23 06:52:58.510548,CRITICAL,608
2025-10-23 06:47:47.470548,2025-10-23 06:54:07.630548,CRITICAL,609
2025-10-23 06:48:39.310548,2025-10-23 06:55:16.750548,CRITICAL,610
2025-10-23 06:50:05.710548,2025-10-23 06:56:08.590548,CRITICAL,611
2025-10-23 06:50:57.550548,2025-10-23 06:57:34.990548,WARNING,612
2025-10-23 06:52:06.670548,2025-10-23 06:58:44.110548,WARNING,613
2025-10-23 06:53:15.790548,2025-10-23 06:59:53.230548,WARNING,614
2025-10-23 06:54:24.910548,2025-10-23 07:01:19.630548,WARNING,615
2025-10-23 06:55:16.750548,2025-10-23 07:02:46.030548,WARNING,616
2025-10-23 06:56:25.870548,2025-10-23 07:03:55.150548,WARNING,617
2025-10-23 06:57:52.270548,2025-10-23 07:05:04.270548,WARNING,618
2025-10-23 06:59:01.390548,2025-10-23 07:05:21.550548,WARNING,619
2025-10-23 07:00:10.510548,2025-10-23 07:06:47.950548,WARNING,620
2025-10-23 07:01:36.910548,2025-10-23 07:07:22.510548,WARNING,621
2025-10-23 07:02:46.030548,2025-10-23 07:08:48.910548,WARNING,622
2025-10-23 07:03:55.150548,2025-10-23 07:09:58.030548,WARNING,623
2025-10-23 07:05:04.270548,2025-10-23 07:11:24.430548,WARNING,624
2025-10-23 07:05:38.830548,2025-10-23 07:12:16.270548,WARNING,625
2025-10-23 07:06:47.950548,2025-10-23 07:13:25.390548,WARNING,626
2025-10-23 07:07:39.790548,2025-10-23 07:14:17.230548,WARNING,627
2025-10-23 07:09:06.190548,2025-10-23 07:14:51.790548,WARNING,628
2025-10-23 07:10:15.310548,2025-10-23 07:16:00.910548,WARNING,629
2025-10-23 07:11:41.710548,2025-10-23 07:17:27.310548,WARNING,630
2025-10-23 07:12:33.550548,2025-10-23 07:18:53.710548,WARNING,631
2025-10-23 07:13:25.390548,2025-10-23 07:20:02.830548,WARNING,632
2025-10-23 07:14:17.230548,2025-10-23 07:21:11.950548,WARNING,633
2025-10-23 07:15:09.070548,2025-10-23 07:22:38.350548,WARNING,634
2025-10-23 07:16:18.190548,2025-10-23 07:23:47.470548,WARNING,635
2025-10-23 07:17:44.590548,2025-10-23 07:25:13.870548,WARNING,636
2025-10-23 07:19:10.990548,2025-10-23 07:26:22.990548,WARNING,637
2025-10-23 07:20:20.110548,2025-10-23 07:27:49.390548,WARNING,638
2025-10-23 07:21:29.230548,2025-10-23 07:29:15.790548,WARNING,639
2025-10-23 07:22:38.350548,2025-10-23 07:30:07.630548,WARNING,640
2025-10-23 07:24:04.750548,2025-10-23 07:31:34.030548,WARNING,641
2025-10-23 07:25:31.150548,2025-10-23 07:32:43.150548,WARNING,642
2025-10-23 07:26:40.270548,2025-10-23 07:34:09.550548,WARNING,643
2025-10-23 07:28:06.670548,2025-10-23 07:35:35.950548,WARNING,644
2025-10-23 07:29:33.070548,2025-10-23 07:36:45.070548,WARNING,645
2025-10-23 07:30:24.910548,2025-10-23 07:38:11.470548,WARNING,646
2025-10-23 07:31:51.310548,2025-10-23 07:39:03.310548,CRITICAL,647
2025-10-23 07:33:00.430548,2025-10-23 07:40:29.710548,CRITICAL,648
2025-10-23 07:34:26.830548,2025-10-23 07:41:56.110548,CRITICAL,649
2025-10-23 07:35:53.230548,2025-10-23 07:43:22.510548,CRITICAL,650
2025-10-23 07:37:02.350548,2025-10-23 07:44:48.910548,CRITICAL,651
2025-10-23 07:38:28.750548,2025-10-23 07:45:58.030548,CRITICAL,652
2025-10-23 07:39:20.590548,2025-10-23 07:47:07.150548,WARNING,653
2025-10-23 07:40:46.990548,2025-10-23 07:48:16.270548,CRITICAL,654
2025-10-23 07:42:13.390548,2025-10-23 07:49:25.390548,CRITICAL,655
2025-10-23 07:43:39.790548,2025-10-23 07:50:51.790548,CRITICAL,656
2025-10-23 07:45:06.190548,2025-10-23 07:52:00.910548,CRITICAL,657
2025-10-23 07:46:15.310548,2025-10-23 07:53:27.310548,CRITICAL,658
2025-10-23 07:47:24.430548,2025-10-23 07:54:53.710548,CRITICAL,659
2025-10-23 07:48:16.270548,2025-10-23 07:56:20.110548,WARNING,660
2025-10-23 07:49:42.670548,2025-10-23 07:57:11.950548,CRITICAL,661
2025-10-23 07:51:09.070548,2025-10-23 07:58:21.070548,CRITICAL,662
2025-10-23 07:52:18.190548,2025-10-23 07:59:47.470548,CRITICAL,663
2025-10-23 07:53:44.590548,2025-10-23 08:01:13.870548,CRITICAL,664
2025-10-23 07:55:10.990548,2025-10-23 08:02:22.990548,CRITICAL,665
2025-10-23 07:56:20.110548,2025-10-23 08:03:49.390548,CRITICAL,666
2025-10-23 07:57:29.230548,2025-10-23 08:05:15.790548,WARNING,667
2025-10-23 07:58:38.350548,2025-10-23 08:06:42.190548,WARNING,668
2025-10-23 08:00:04.750548,2025-10-23 08:07:34.030548,WARNING,669
2025-10-23 08:01:31.150548,2025-10-23 08:09:00.430548,WARNING,670
2025-10-23 08:02:40.270548,2025-10-23 08:10:26.830548,WARNING,671
2025-10-23 08:04:06.670548,2025-10-23 08:11:35.950548,CRITICAL,672
2025-10-23 08:05:33.070548,2025-10-23 08:12:27.790548,CRITICAL,673
2025-10-23 08:06:42.190548,2025-10-23 08:13:54.190548,CRITICAL,674
2025-10-23 08:07:51.310548,2025-10-23 08:14:28.750548,CRITICAL,675
2025-10-23 08:09:17.710548,2025-10-23 08:15:55.150548,CRITICAL,676
2025-10-23 08:10:44.110548,2025-10-23 08:17:04.270548,CRITICAL,677
2025-10-23 08:11:35.950548,2025-10-23 08:18:13.390548,WARNING,678
2025-10-23 08:12:45.070548,2025-10-23 08:18:47.950548,WARNING,679
2025-10-23 08:13:54.190548,2025-10-23 08:20:14.350548,WARNING,680
2025-10-23 08:14:46.030548,2025-10-23 08:21:40.750548,WARNING,681
2025-10-23 08:15:55.150548,2025-10-23 08:22:49.870548,WARNING,682
2025-10-23 08:17:21.550548,2025-10-23 08:23:58.990548,CRITICAL,683
2025-10-23 08:18:30.670548,2025-10-23 08:24:50.830548,CRITICAL,684
2025-10-23 08:19:05.230548,2025-10-23 08:25:42.670548,CRITICAL,685
2025-10-23 08:20:31.630548,2025-10-23 08:26:51.790548,CRITICAL,686
2025-10-23 08:21:58.030548,2025-10-23 08:28:00.910548,CRITICAL,687
2025-10-23 08:23:07.150548,2025-10-23 08:29:27.310548,CRITICAL,688
2025-10-23 08:23:58.990548,2025-10-23 08:30:53.710548,WARNING,689
2025-10-23 08:25:08.110548,2025-10-23 08:32:20.110548,WARNING,690
2025-10-23 08:25:42.670548,2025-10-23 08:33:29.230548,WARNING,691
2025-10-23 08:26:51.790548,2025-10-23 08:34:55.630548,WARNING,692
2025-10-23 08:28:18.190548,2025-10-23 08:36:22.030548,WARNING,693
2025-10-23 08:29:44.590548,2025-10-23 08:37:13.870548,WARNING,694
2025-10-23 08:31:10.990548,2025-10-23 08:38:40.270548,WARNING,695
2025-10-23 08:32:20.110548,2025-10-23 08:39:32.110548,WARNING,696
2025-10-23 08:33:46.510548,2025-10-23 08:40:58.510548,WARNING,697
2025-10-23 08:35:12.910548,2025-10-23 08:42:07.630548,WARNING,698
2025-10-23 08:36:22.030548,2025-10-23 08:43:34.030548,WARNING,699
2025-10-23 08:37:31.150548,2025-10-23 08:44:43.150548,WARNING,700
2025-10-23 08:38:40.270548,2025-10-23 08:45:52.270548,WARNING,701
2025-10-23 08:39:49.390548,2025-10-23 08:47:18.670548,WARNING,702
2025-10-23 08:41:15.790548,2025-10-23 08:48:10.510548,WARNING,703
2025-10-23 08:42:24.910548,2025-10-23 08:49:36.910548,WARNING,704
2025-10-23 08:43:51.310548,2025-10-23 08:50:46.030548,WARNING,705
2025-10-23 08:45:00.430548,2025-10-23 08:51:55.150548,WARNING,706
2025-10-23 08:46:09.550548,2025-10-23 08:53:21.550548,WARNING,707
2025-10-23 08:47:35.950548,2025-10-23 08:54:47.950548,WARNING,708
2025-10-23 08:48:27.790548,2025-10-23 08:55:57.070548,WARNING,709
2025-10-23 08:49:54.190548,2025-10-23 08:56:48.910548,WARNING,710
2025-10-23 08:51:03.310548,2025-10-23 08:58:15.310548,WARNING,711
2025-10-23 08:52:12.430548,2025-10-23 08:59:41.710548,WARNING,712
2025-10-23 08:53:38.830548,2025-10-23 09:00:50.830548,WARNING,713
2025-10-23 08:55:05.230548,2025-10-23 09:01:59.950548,WARNING,714
2025-10-23 08:56:14.350548,2025-10-23 09:02:51.790548,WARNING,715
2025-10-23 08:57:06.190548,2025-10-23 09:03:43.630548,WARNING,716
2025-10-23 08:58:32.590548,2025-10-23 09:04:35.470548,WARNING,717
2025-10-23 08:59:41.710548,2025-10-23 09:05:44.590548,WARNING,718
2025-10-23 09:01:08.110548,2025-10-23 09:06:53.710548,WARNING,719
2025-10-23 09:02:17.230548,2025-10-23 09:08:20.110548,WARNING,720
2025-10-23 09:03:09.070548,2025-10-23 09:08:54.670548,CRITICAL,721
2025-10-23 09:04:00.910548,2025-10-23 09:10:21.070548,CRITICAL,722
2025-10-23 09:04:52.750548,2025-10-23 09:11:30.190548,CRITICAL,723
2025-10-23 09:06:01.870548,2025-10-23 09:12:56.590548,CRITICAL,724
2025-10-23 09:07:10.990548,2025-10-23 09:14:05.710548,CRITICAL,725
2025-10-23 09:08:37.390548,2025-10-23 09:14:40.270548,CRITICAL,726
2025-10-23 09:09:11.950548,2025-10-23 09:15:49.390548,WARNING,727
2025-10-23 09:10:38.350548,2025-10-23 09:16:41.230548,WARNING,728
2025-10-23 09:11:47.470548,2025-10-23 09:18:07.630548,WARNING,729
2025-10-23 09:13:13.870548,2025-10-23 09:19:34.030548,WARNING,730
2025-10-23 09:14:05.710548,2025-10-23 09:21:00.430548,WARNING,731
2025-10-23 09:14:57.550548,2025-10-23 09:22:26.830548,WARNING,732
2025-10-23 09:16:06.670548,2025-10-23 09:23:35.950548,WARNING,733
2025-10-23 09:16:58.510548,2025-10-23 09:24:45.070548,WARNING,734
2025-10-23 09:18:24.910548,2025-10-23 09:26:11.470548,WARNING,735
2025-10-23 09:19:51.310548,2025-10-23 09:27:20.590548,WARNING,736
2025-10-23 09:21:17.710548,2025-10-23 09:28:46.990548,WARNING,737
2025-10-23 09:22:44.110548,2025-10-23 09:30:13.390548,WARNING,738
2025-10-23 09:23:53.230548,2025-10-23 09:31:39.790548,WARNING,739
2025-10-23 09:25:02.350548,2025-10-23 09:32:31.630548,WARNING,740
2025-10-23 09:26:28.750548,2025-10-23 09:33:40.750548,WARNING,741
2025-10-23 09:27:37.870548,2025-10-23 09:34:32.590548,WARNING,742
2025-10-23 09:29:04.270548,2025-10-23 09:35:58.990548,WARNING,743
2025-10-23 09:30:30.670548,2025-10-23 09:37:25.390548,WARNING,744
2025-10-23 09:31:39.790548,2025-10-23 09:38:17.230548,WARNING,745
2025-10-23 09:32:48.910548,2025-10-23 09:39:09.070548,CRITICAL,746
2025-10-23 09:33:40.750548,2025-10-23 09:40:35.470548,CRITICAL,747
2025-10-23 09:34:49.870548,2025-10-23 09:41:44.590548,CRITICAL,748
2025-10-23 09:36:16.270548,2025-10-23 09:43:10.990548,CRITICAL,749
2025-10-23 09:37:42.670548,2025-10-23 09:44:37.390548,CRITICAL,750
2025-10-23 09:38:34.510548,2025-10-23 09:46:03.790548,CRITICAL,751
2025-10-23 09:39:26.350548,2025-10-23 09:47:30.190548,WARNING,752
2025-10-23 09:40:35.470548,2025-10-23 09:48:39.310548,WARNING,753
2025-10-23 09:42:01.870548,2025-10-23 09:50:05.710548,WARNING,754
2025-10-23 09:43:28.270548,2025-10-23 09:51:32.110548,WARNING,755
2025-10-23 09:44:54.670548,2025-10-23 09:52:58.510548,WARNING,756
2025-10-23 09:46:21.070548,2025-10-23 09:54:24.910548,WARNING,757
2025-10-23 09:47:47.470548,2025-10-23 09:55:51.310548,WARNING,758
2025-10-23 09:48:56.590548,2025-10-23 09:57:00.430548,WARNING,759
2025-10-23 09:50:22.990548,2025-10-23 09:57:52.270548,WARNING,760
2025-10-23 09:51:49.390548,2025-10-23 09:59:18.670548,WARNING,761
2025-10-23 09:53:15.790548,2025-10-23 10:00:45.070548,WARNING,762
2025-10-23 09:54:42.190548,2025-10-23 10:01:54.190548,WARNING,763
2025-10-23 09:56:08.590548,2025-10-23 10:03:03.310548,WARNING,764
2025-10-23 09:57:17.710548,2025-10-23 10:04:29.710548,WARNING,765
2025-10-23 09:58:09.550548,2025-10-23 10:05:56.110548,WARNING,766
2025-10-23 09:59:35.950548,2025-10-23 10:07:05.230548,WARNING,767
2025-10-23 10:00:45.070548,2025-10-23 10:08:31.630548,WARNING,768
2025-10-23 10:02:11.470548,2025-10-23 10:09:58.030548,WARNING,769
2025-10-23 10:03:20.590548,2025-10-23 10:11:07.150548,WARNING,770
2025-10-23 10:04:46.990548,2025-10-23 10:12:33.550548,WARNING,771
2025-10-23 10:06:13.390548,2025-10-23 10:13:25.390548,WARNING,772
2025-10-23 10:07:22.510548,2025-10-23 10:14:17.230548,WARNING,773
2025-10-23 10:08:48.910548,2025-10-23 10:15:26.350548,WARNING,774
2025-10-23 10:10:15.310548,2025-10-23 10:16:52.750548,WARNING,775
2025-10-23 10:11:24.430548,2025-10-23 10:18:01.870548,WARNING,776
2025-10-23 10:12:50.830548,2025-10-23 10:19:28.270548,WARNING,777
2025-10-23 10:13:42.670548,2025-10-23 10:20:37.390548,WARNING,778
2025-10-23 10:14:34.510548,2025-10-23 10:22:03.790548,WARNING,779
2025-10-23 10:15:43.630548,2025-10-23 10:23:12.910548,WARNING,780
2025-10-23 10:17:10.030548,2025-10-23 10:24:22.030548,WARNING,781
2025-10-23 10:18:19.150548,2025-10-23 10:25:48.430548,WARNING,782
2025-10-23 10:19:45.550548,2025-10-23 10:26:40.270548,CRITICAL,783
2025-10-23 10:20:54.670548,2025-10-23 10:27:32.110548,CRITICAL,784
2025-10-23 10:22:21.070548,2025-10-23 10:28:06.670548,CRITICAL,785
2025-10-23 10:23:30.190548,2025-10-23 10:29:33.070548,CRITICAL,786
2025-10-23 10:24:39.310548,2025-10-23 10:30:24.910548,CRITICAL,787
2025-10-23 10:25:48.430548,2025-10-23 10:31:51.310548,CRITICAL,788
2025-10-23 10:26:40.270548,2025-10-23 10:33:17.710548,CRITICAL,789
2025-10-23 10:27:32.110548,2025-10-23 10:34:44.110548,CRITICAL,790
2025-10-23 10:28:23.950548,2025-10-23 10:35:18.670548,CRITICAL,791
2025-10-23 10:29:50.350548,2025-10-23 10:36:10.510548,CRITICAL,792
2025-10-23 10:30:42.190548,2025-10-23 10:37:19.630548,WARNING,793
2025-10-23 10:32:08.590548,2025-10-23 10:38:11.470548,WARNING,794
2025-10-23 10:33:34.990548,2025-10-23 10:39:20.590548,WARNING,795
2025-10-23 10:35:01.390548,2025-10-23 10:40:29.710548,WARNING,796
2025-10-23 10:35:18.670548,2025-10-23 10:41:38.830548,WARNING,797
2025-10-23 10:36:27.790548,2025-10-23 10:43:05.230548,WARNING,798
2025-10-23 10:37:36.910548,2025-10-23 10:44:14.350548,WARNING,799
2025-10-23 10:38:28.750548,2025-10-23 10:45:40.750548,WARNING,800
2025-10-23 10:39:37.870548,2025-10-23 10:46:49.870548,WARNING,801
2025-10-23 10:40:46.990548,2025-10-23 10:48:16.270548,WARNING,802
2025-10-23 10:41:56.110548,2025-10-23 10:49:25.390548,WARNING,803
2025-10-23 10:43:22.510548,2025-10-23 10:50:17.230548,WARNING,804
2025-10-23 10:44:31.630548,2025-10-23 10:51:26.350548,WARNING,805
2025-10-23 10:45:58.030548,2025-10-23 10:52:35.470548,CRITICAL,806
2025-10-23 10:47:07.150548,2025-10-23 10:54:01.870548,CRITICAL,807
2025-10-23 10:48:33.550548,2025-10-23 10:55:10.990548,CRITICAL,808
2025-10-23 10:49:25.390548,2025-10-23 10:56:20.110548,CRITICAL,809
2025-10-23 10:50:34.510548,2025-10-23 10:57:11.950548,CRITICAL,810
2025-10-23 10:51:43.630548,2025-10-23 10:58:21.070548,CRITICAL,811
2025-10-23 10:52:52.750548,2025-10-23 10:59:47.470548,WARNING,812
2025-10-23 10:54:19.150548,2025-10-23 11:01:13.870548,WARNING,813
2025-10-23 10:55:10.990548,2025-10-23 11:02:40.270548,WARNING,814
2025-10-23 10:56:37.390548,2025-10-23 11:04:06.670548,CRITICAL,815
2025-10-23 10:57:29.230548,2025-10-23 11:05:15.790548,CRITICAL,816
2025-10-23 10:58:38.350548,2025-10-23 11:06:42.190548,CRITICAL,817
2025-10-23 11:00:04.750548,2025-10-23 11:07:34.030548,CRITICAL,818
2025-10-23 11:01:31.150548,2025-10-23 11:09:00.430548,CRITICAL,819
2025-10-23 11:02:57.550548,2025-10-23 11:10:26.830548,CRITICAL,820
2025-10-23 11:04:06.670548,2025-10-23 11:11:35.950548,WARNING,821
2025-10-23 11:05:33.070548,2025-10-23 11:12:45.070548,WARNING,822
2025-10-23 11:06:42.190548,2025-10-23 11:14:11.470548,WARNING,823
2025-10-23 11:07:51.310548,2025-10-23 11:15:37.870548,WARNING,824
2025-10-23 11:09:17.710548,2025-10-23 11:16:46.990548,WARNING,825
2025-10-23 11:10:44.110548,2025-10-23 11:18:13.390548,WARNING,826
2025-10-23 11:11:53.230548,2025-10-23 11:19:39.790548,WARNING,827
2025-10-23 11:13:02.350548,2025-10-23 11:21:06.190548,WARNING,828
2025-10-23 11:14:28.750548,2025-10-23 11:22:15.310548,WARNING,829
2025-10-23 11:15:55.150548,2025-10-23 11:23:24.430548,WARNING,830
2025-10-23 11:17:04.270548,2025-10-23 11:24:16.270548,WARNING,831
2025-10-23 11:18:30.670548,2025-10-23 11:25:42.670548,WARNING,832
2025-10-23 11:19:57.070548,2025-10-23 11:27:09.070548,WARNING,833
2025-10-23 11:21:06.190548,2025-10-23 11:28:18.190548,WARNING,834
2025-10-23 11:22:32.590548,2025-10-23 11:29:44.590548,WARNING,835
2025-10-23 11:23:41.710548,2025-10-23 11:30:53.710548,WARNING,836
2025-10-23 11:24:33.550548,2025-10-23 11:31:45.550548,WARNING,837
2025-10-23 11:25:59.950548,2025-10-23 11:33:11.950548,WARNING,838
2025-10-23 11:27:26.350548,2025-10-23 11:34:38.350548,WARNING,839
2025-10-23 11:28:35.470548,2025-10-23 11:36:04.750548,WARNING,840
2025-10-23 11:29:44.590548,2025-10-23 11:37:31.150548,WARNING,841
2025-10-23 11:30:53.710548,2025-10-23 11:38:57.550548,WARNING,842
2025-10-23 11:32:02.830548,2025-10-23 11:40:23.950548,WARNING,843
2025-10-23 11:33:29.230548,2025-10-23 11:41:33.070548,WARNING,844
2025-10-23 11:34:55.630548,2025-10-23 11:42:07.630548,WARNING,845
2025-10-23 11:36:22.030548,2025-10-23 11:43:34.030548,WARNING,846
2025-10-23 11:37:48.430548,2025-10-23 11:44:43.150548,WARNING,847
2025-10-23 11:39:14.830548,2025-10-23 11:46:09.550548,WARNING,848
2025-10-23 11:40:23.950548,2025-10-23 11:47:18.670548,WARNING,849
2025-10-23 11:41:50.350548,2025-10-23 11:48:27.790548,WARNING,850
2025-10-23 11:42:24.910548,2025-10-23 11:49:19.630548,CRITICAL,851
2025-10-23 11:43:51.310548,2025-10-23 11:50:28.750548,CRITICAL,852
2025-10-23 11:45:00.430548,2025-10-23 11:51:55.150548,CRITICAL,853
2025-10-23 11:46:09.550548,2025-10-23 11:53:04.270548,CRITICAL,854
2025-10-23 11:47:35.950548,2025-10-23 11:53:38.830548,CRITICAL,855
2025-10-23 11:48:45.070548,2025-10-23 11:54:13.390548,CRITICAL,856
2025-10-23 11:49:36.910548,2025-10-23 11:55:39.790548,WARNING,857
2025-10-23 11:50:46.030548,2025-10-23 11:56:48.910548,WARNING,858
2025-10-23 11:52:12.430548,2025-10-23 11:58:15.310548,WARNING,859
2025-10-23 11:53:21.550548,2025-10-23 11:59:41.710548,WARNING,860
2025-10-23 11:53:38.830548,2025-10-23 12:01:08.110548,WARNING,861
2025-10-23 11:54:30.670548,2025-10-23 12:02:17.230548,WARNING,862
2025-10-23 11:55:57.070548,2025-10-23 12:03:26.350548,WARNING,863
2025-10-23 11:57:06.190548,2025-10-23 12:04:18.190548,WARNING,864
2025-10-23 11:58:32.590548,2025-10-23 12:05:44.590548,WARNING,865
2025-10-23 11:59:58.990548,2025-10-23 12:06:53.710548,WARNING,866
2025-10-23 12:01:25.390548,2025-10-23 12:08:20.110548,WARNING,867
2025-10-23 12:02:34.510548,2025-10-23 12:09:46.510548,WARNING,868
2025-10-23 12:03:43.630548,2025-10-23 12:10:55.630548,WARNING,869
2025-10-23 12:04:35.470548,2025-10-23 12:11:47.470548,WARNING,870
2025-10-23 12:05:44.590548,2025-10-23 12:12:56.590548,WARNING,871
2025-10-23 12:07:10.990548,2025-10-23 12:14:22.990548,WARNING,872
2025-10-23 12:08:37.390548,2025-10-23 12:15:49.390548,WARNING,873
2025-10-23 12:10:03.790548,2025-10-23 12:16:58.510548,WARNING,874
2025-10-23 12:11:12.910548,2025-10-23 12:18:24.910548,WARNING,875
2025-10-23 12:12:04.750548,2025-10-23 12:19:51.310548,WARNING,876
2025-10-23 12:13:13.870548,2025-10-23 12:21:00.430548,WARNING,877
2025-10-23 12:14:40.270548,2025-10-23 12:22:09.550548,WARNING,878
2025-10-23 12:16:06.670548,2025-10-23 12:23:18.670548,WARNING,879
2025-10-23 12:17:15.790548,2025-10-23 12:24:27.790548,WARNING,880
2025-10-23 12:18:42.190548,2025-10-23 12:25:54.190548,WARNING,881
2025-10-23 12:20:08.590548,2025-10-23 12:26:46.030548,WARNING,882
2025-10-23 12:21:17.710548,2025-10-23 12:27:55.150548,WARNING,883
2025-10-23 12:22:26.830548,2025-10-23 12:29:04.270548,WARNING,884
2025-10-23 12:23:35.950548,2025-10-23 12:29:56.110548,WARNING,885
2025-10-23 12:24:45.070548,2025-10-23 12:31:22.510548,WARNING,886
2025-10-23 12:26:11.470548,2025-10-23 12:32:31.630548,WARNING,887
2025-10-23 12:27:03.310548,2025-10-23 12:33:58.030548,WARNING,888
2025-10-23 12:28:12.430548,2025-10-23 12:35:24.430548,WARNING,889
2025-10-23 12:29:21.550548,2025-10-23 12:36:33.550548,WARNING,890
2025-10-23 12:30:13.390548,2025-10-23 12:37:42.670548,WARNING,891
2025-10-23 12:31:39.790548,2025-10-23 12:38:51.790548,WARNING,892
2025-10-23 12:32:48.910548,2025-10-23 12:40:00.910548,WARNING,893
2025-10-23 12:34:15.310548,2025-10-23 12:41:10.030548,WARNING,894
2025-10-23 12:35:41.710548,2025-10-23 12:42:19.150548,WARNING,895
2025-10-23 12:36:50.830548,2025-10-23 12:43:45.550548,WARNING,896
2025-10-23 12:37:59.950548,2025-10-23 12:45:11.950548,WARNING,897
2025-10-23 12:39:09.070548,2025-10-23 12:46:38.350548,WARNING,898
2025-10-23 12:40:00.910548,2025-10-23 12:47:47.470548,WARNING,899
2025-10-23 12:41:10.030548,2025-10-23 12:49:13.870548,WARNING,900
2025-10-23 12:42:36.430548,2025-10-23 12:50:40.270548,WARNING,901
2025-10-23 12:44:02.830548,2025-10-23 12:52:06.670548,WARNING,902
2025-10-23 12:45:29.230548,2025-10-23 12:53:15.790548,WARNING,903
2025-10-23 12:46:55.630548,2025-10-23 12:54:42.190548,WARNING,904
2025-10-23 12:48:04.750548,2025-10-23 12:56:08.590548,WARNING,905
2025-10-23 12:49:31.150548,2025-10-23 12:57:17.710548,WARNING,906
2025-10-23 12:50:57.550548,2025-10-23 12:58:26.830548,WARNING,907
2025-10-23 12:52:23.950548,2025-10-23 12:59:53.230548,WARNING,908
2025-10-23 12:53:33.070548,2025-10-23 13:01:02.350548,WARNING,909
2025-10-23 12:54:59.470548,2025-10-23 13:02:28.750548,WARNING,910
2025-10-23 12:56:25.870548,2025-10-23 13:03:55.150548,WARNING,911
2025-10-23 12:57:34.990548,2025-10-23 13:05:21.550548,WARNING,912
2025-10-23 12:58:44.110548,2025-10-23 13:06:13.390548,CRITICAL,913
2025-10-23 13:00:10.510548,2025-10-23 13:07:22.510548,CRITICAL,914
2025-10-23 13:01:19.630548,2025-10-23 13:08:14.350548,CRITICAL,915
2025-10-23 13:02:46.030548,2025-10-23 13:09:40.750548,CRITICAL,916
2025-10-23 13:04:12.430548,2025-10-23 13:11:07.150548,CRITICAL,917
2025-10-23 13:05:38.830548,2025-10-23 13:12:33.550548,CRITICAL,918
2025-10-23 13:06:30.670548,2025-10-23 13:13:42.670548,CRITICAL,919
2025-10-23 13:07:39.790548,2025-10-23 13:14:51.790548,CRITICAL,920
2025-10-23 13:08:31.630548,2025-10-23 13:16:18.190548,CRITICAL,921
2025-10-23 13:09:58.030548,2025-10-23 13:17:44.590548,CRITICAL,922
2025-10-23 13:11:24.430548,2025-10-23 13:18:36.430548,CRITICAL,923
2025-10-23 13:12:50.830548,2025-10-23 13:20:02.830548,CRITICAL,924
2025-10-23 13:13:59.950548,2025-10-23 13:21:29.230548,CRITICAL,925
2025-10-23 13:15:09.070548,2025-10-23 13:22:38.350548,CRITICAL,926
2025-10-23 13:16:35.470548,2025-10-23 13:23:47.470548,CRITICAL,927
2025-10-23 13:17:44.590548,2025-10-23 13:24:39.310548,CRITICAL,928
2025-10-23 13:18:53.710548,2025-10-23 13:25:48.430548,CRITICAL,929
2025-10-23 13:20:20.110548,2025-10-23 13:27:14.830548,CRITICAL,930
2025-10-23 13:21:46.510548,2025-10-23 13:28:41.230548,CRITICAL,931
2025-10-23 13:22:55.630548,2025-10-23 13:30:07.630548,CRITICAL,932
2025-10-23 13:23:47.470548,2025-10-23 13:31:16.750548,CRITICAL,933
2025-10-23 13:24:56.590548,2025-10-23 13:32:25.870548,CRITICAL,934
2025-10-23 13:26:05.710548,2025-10-23 13:33:52.270548,WARNING,935
2025-10-23 13:27:32.110548,2025-10-23 13:35:01.390548,WARNING,936
2025-10-23 13:28:58.510548,2025-10-23 13:35:53.230548,WARNING,937
2025-10-23 13:30:24.910548,2025-10-23 13:37:19.630548,WARNING,938
2025-10-23 13:31:34.030548,2025-10-23 13:38:28.750548,WARNING,939
2025-10-23 13:32:43.150548,2025-10-23 13:39:20.590548,WARNING,940
2025-10-23 13:34:09.550548,2025-10-23 13:40:29.710548,WARNING,941
2025-10-23 13:35:18.670548,2025-10-23 13:41:38.830548,WARNING,942
2025-10-23 13:36:10.510548,2025-10-23 13:43:05.230548,WARNING,943
2025-10-23 13:37:36.910548,2025-10-23 13:44:14.350548,WARNING,944
2025-10-23 13:38:28.750548,2025-10-23 13:45:23.470548,WARNING,945
2025-10-23 13:39:37.870548,2025-10-23 13:46:15.310548,CRITICAL,946
2025-10-23 13:40:46.990548,2025-10-23 13:47:07.150548,CRITICAL,947
2025-10-23 13:41:56.110548,2025-10-23 13:48:33.550548,CRITICAL,948
2025-10-23 13:43:22.510548,2025-10-23 13:49:08.110548,CRITICAL,949
2025-10-23 13:44:31.630548,2025-10-23 13:50:34.510548,CRITICAL,950
2025-10-23 13:45:40.750548,2025-10-23 13:52:00.910548,CRITICAL,951
2025-10-23 13:46:32.590548,2025-10-23 13:53:27.310548,WARNING,952
2025-10-23 13:47:24.430548,2025-10-23 13:54:53.710548,WARNING,953
2025-10-23 13:48:50.830548,2025-10-23 13:55:45.550548,WARNING,954
2025-10-23 13:49:25.390548,2025-10-23 13:57:11.950548,WARNING,955
2025-10-23 13:50:51.790548,2025-10-23 13:58:38.350548,WARNING,956
2025-10-23 13:52:18.190548,2025-10-23 13:59:30.190548,WARNING,957
2025-10-23 13:53:44.590548,2025-10-23 14:00:39.310548,WARNING,958
2025-10-23 13:55:10.990548,2025-10-23 14:01:48.430548,WARNING,959
2025-10-23 13:56:02.830548,2025-10-23 14:02:40.270548,WARNING,960
2025-10-23 13:57:29.230548,2025-10-23 14:04:06.670548,WARNING,961
2025-10-23 13:58:55.630548,2025-10-23 14:05:33.070548,WARNING,962
2025-10-23 13:59:47.470548,2025-10-23 14:06:42.190548,WARNING,963
2025-10-23 14:00:39.310548,2025-10-23 14:08:08.590548,WARNING,964
2025-10-23 14:01:48.430548,2025-10-23 14:09:34.990548,WARNING,965
2025-10-23 14:02:57.550548,2025-10-23 14:11:01.390548,WARNING,966
2025-10-23 14:04:23.950548,2025-10-23 14:12:27.790548,WARNING,967
2025-10-23 14:05:50.350548,2025-10-23 14:13:36.910548,WARNING,968
2025-10-23 14:06:59.470548,2025-10-23 14:15:03.310548,WARNING,969
2025-10-23 14:08:25.870548,2025-10-23 14:16:29.710548,WARNING,970
2025-10-23 14:09:52.270548,2025-10-23 14:17:38.830548,WARNING,971
2025-10-23 14:11:18.670548,2025-10-23 14:18:47.950548,WARNING,972
2025-10-23 14:12:45.070548,2025-10-23 14:19:57.070548,WARNING,973
2025-10-23 14:13:54.190548,2025-10-23 14:21:23.470548,WARNING,974
2025-10-23 14:15:20.590548,2025-10-23 14:22:49.870548,WARNING,975
2025-10-23 14:16:46.990548,2025-10-23 14:23:58.990548,WARNING,976
2025-10-23 14:17:38.830548,2025-10-23 14:24:50.830548,CRITICAL,977
2025-10-23 14:18:47.950548,2025-10-23 14:25:42.670548,CRITICAL,978
2025-10-23 14:20:14.350548,2025-10-23 14:27:09.070548,CRITICAL,979
2025-10-23 14:21:40.750548,2025-10-23 14:28:18.190548,CRITICAL,980
2025-10-23 14:23:07.150548,2025-10-23 14:29:44.590548,CRITICAL,981
2025-10-23 14:24:16.270548,2025-10-23 14:30:53.710548,CRITICAL,982
2025-10-23 14:25:08.110548,2025-10-23 14:31:45.550548,WARNING,983
2025-10-23 14:25:59.950548,2025-10-23 14:32:54.670548,WARNING,984
2025-10-23 14:27:09.070548,2025-10-23 14:34:03.790548,WARNING,985
2025-10-23 14:28:35.470548,2025-10-23 14:34:55.630548,WARNING,986
2025-10-23 14:30:01.870548,2025-10-23 14:36:22.030548,WARNING,987
2025-10-23 14:31:10.990548,2025-10-23 14:37:31.150548,WARNING,988
2025-10-23 14:32:02.830548,2025-10-23 14:38:40.270548,WARNING,989
2025-10-23 14:33:11.950548,2025-10-23 14:39:49.390548,WARNING,990
2025-10-23 14:34:21.070548,2025-10-23 14:40:58.510548,WARNING,991
2025-10-23 14:35:12.910548,2025-10-23 14:42:07.630548,WARNING,992
2025-10-23 14:36:22.030548,2025-10-23 14:43:16.750548,WARNING,993
2025-10-23 14:37:48.430548,2025-10-23 14:44:08.590548,WARNING,994
2025-10-23 14:38:57.550548,2025-10-23 14:45:34.990548,WARNING,995
2025-10-23 14:40:06.670548,2025-10-23 14:47:01.390548,WARNING,996
2025-10-23 14:41:15.790548,2025-10-23 14:48:27.790548,WARNING,997
2025-10-23 14:42:24.910548,2025-10-23 14:49:36.910548,WARNING,998
2025-10-23 14:43:34.030548,2025-10-23 14:51:03.310548,WARNING,999
2025-10-23 14:44:25.870548,2025-10-23 14:52:29.710548,WARNING,1000
2025-10-23 14:45:52.270548,2025-10-23 14:53:56.110548,WARNING,1001
2025-10-23 14:47:18.670548,2025-10-23 14:55:22.510548,WARNING,1002
2025-10-23 14:48:45.070548,2025-10-23 14:56:48.910548,WARNING,1003
2025-10-23 14:49:54.190548,2025-10-23 14:57:58.030548,WARNING,1004
2025-10-23 14:51:20.590548,2025-10-23 14:59:24.430548,WARNING,1005
2025-10-23 14:52:46.990548,2025-10-23 15:00:50.830548,WARNING,1006
2025-10-23 14:54:13.390548,2025-10-23 15:01:59.950548,WARNING,1007
2025-10-23 14:55:39.790548,2025-10-23 15:03:09.070548,WARNING,1008
2025-10-23 14:57:06.190548,2025-10-23 15:04:35.470548,WARNING,1009
2025-10-23 14:58:15.310548,2025-10-23 15:05:44.590548,WARNING,1010
2025-10-23 14:59:41.710548,2025-10-23 15:07:10.990548,WARNING,1011
2025-10-23 15:01:08.110548,2025-10-23 15:08:37.390548,WARNING,1012
2025-10-23 15:02:17.230548,2025-10-23 15:10:03.790548,WARNING,1013
2025-10-23 15:03:26.350548,2025-10-23 15:10:55.630548,CRITICAL,1014
2025-10-23 15:04:52.750548,2025-10-23 15:12:22.030548,CRITICAL,1015
2025-10-23 15:06:01.870548,2025-10-23 15:13:48.430548,CRITICAL,1016
2025-10-23 15:07:28.270548,2025-10-23 15:15:14.830548,CRITICAL,1017
2025-10-23 15:08:54.670548,2025-10-23 15:16:41.230548,CRITICAL,1018
2025-10-23 15:10:03.790548,2025-10-23 15:17:33.070548,CRITICAL,1019
2025-10-23 15:11:12.910548,2025-10-23 15:18:59.470548,WARNING,1020
2025-10-23 15:12:39.310548,2025-10-23 15:20:25.870548,WARNING,1021
2025-10-23 15:14:05.710548,2025-10-23 15:21:34.990548,WARNING,1022
2025-10-23 15:15:32.110548,2025-10-23 15:22:44.110548,WARNING,1023
2025-10-23 15:16:41.230548,2025-10-23 15:24:10.510548,WARNING,1024
2025-10-23 15:17:50.350548,2025-10-23 15:25:36.910548,WARNING,1025
2025-10-23 15:19:16.750548,2025-10-23 15:27:03.310548,WARNING,1026
2025-10-23 15:20:43.150548,2025-10-23 15:28:12.430548,WARNING,1027
2025-10-23 15:21:52.270548,2025-10-23 15:29:38.830548,WARNING,1028
2025-10-23 15:23:01.390548,2025-10-23 15:30:30.670548,CRITICAL,1029
2025-10-23 15:24:27.790548,2025-10-23 15:31:57.070548,CRITICAL,1030
2025-10-23 15:25:54.190548,2025-10-23 15:33:06.190548,CRITICAL,1031
2025-10-23 15:27:20.590548,2025-10-23 15:34:15.310548,CRITICAL,1032
2025-10-23 15:28:29.710548,2025-10-23 15:35:41.710548,CRITICAL,1033
2025-10-23 15:29:38.830548,2025-10-23 15:37:08.110548,CRITICAL,1034
2025-10-23 15:30:47.950548,2025-10-23 15:38:34.510548,WARNING,1035
2025-10-23 15:32:14.350548,2025-10-23 15:39:43.630548,WARNING,1036
2025-10-23 15:33:06.190548,2025-10-23 15:41:10.030548,WARNING,1037
2025-10-23 15:34:32.590548,2025-10-23 15:42:19.150548,CRITICAL,1038
2025-10-23 15:35:58.990548,2025-10-23 15:43:45.550548,CRITICAL,1039
2025-10-23 15:37:25.390548,2025-10-23 15:44:37.390548,CRITICAL,1040
2025-10-23 15:38:51.790548,2025-10-23 15:46:03.790548,CRITICAL,1041
2025-10-23 15:40:00.910548,2025-10-23 15:47:12.910548,CRITICAL,1042
2025-10-23 15:41:27.310548,2025-10-23 15:48:39.310548,CRITICAL,1043
2025-10-23 15:42:36.430548,2025-10-23 15:50:05.710548,WARNING,1044
2025-10-23 15:44:02.830548,2025-10-23 15:50:57.550548,WARNING,1045
2025-10-23 15:44:54.670548,2025-10-23 15:52:06.670548,WARNING,1046
2025-10-23 15:46:21.070548,2025-10-23 15:53:33.070548,WARNING,1047
2025-10-23 15:47:30.190548,2025-10-23 15:54:42.190548,WARNING,1048
2025-10-23 15:48:56.590548,2025-10-23 15:56:08.590548,WARNING,1049
2025-10-23 15:50:22.990548,2025-10-23 15:57:17.710548,WARNING,1050
2025-10-23 15:50:57.550548,2025-10-23 15:58:44.110548,WARNING,1051
2025-10-23 15:52:23.950548,2025-10-23 15:59:53.230548,WARNING,1052
2025-10-23 15:53:50.350548,2025-10-23 16:01:19.630548,WARNING,1053
2025-10-23 15:54:59.470548,2025-10-23 16:02:28.750548,WARNING,1054
2025-10-23 15:56:25.870548,2025-10-23 16:03:37.870548,WARNING,1055
2025-10-23 15:57:34.990548,2025-10-23 16:04:46.990548,WARNING,1056
2025-10-23 15:59:01.390548,2025-10-23 16:05:56.110548,WARNING,1057
2025-10-23 16:00:10.510548,2025-10-23 16:06:47.950548,WARNING,1058
2025-10-23 16:01:19.630548,2025-10-23 16:07:57.070548,WARNING,1059
2025-10-23 16:02:46.030548,2025-10-23 16:09:06.190548,WARNING,1060
2025-10-23 16:03:55.150548,2025-10-23 16:10:32.590548,WARNING,1061
2025-10-23 16:05:04.270548,2025-10-23 16:11:41.710548,WARNING,1062
2025-10-23 16:06:13.390548,2025-10-23 16:12:50.830548,WARNING,1063
2025-10-23 16:07:05.230548,2025-10-23 16:13:42.670548,CRITICAL,1064
2025-10-23 16:08:14.350548,2025-10-23 16:14:17.230548,CRITICAL,1065
2025-10-23 16:09:23.470548,2025-10-23 16:15:26.350548,CRITICAL,1066
2025-10-23 16:10:49.870548,2025-10-23 16:16:35.470548,CRITICAL,1067
2025-10-23 16:11:41.710548,2025-10-23 16:18:01.870548,CRITICAL,1068
2025-10-23 16:13:08.110548,2025-10-23 16:19:10.990548,CRITICAL,1069
2025-10-23 16:13:59.950548,2025-10-23 16:20:37.390548,CRITICAL,1070
2025-10-23 16:14:17.230548,2025-10-23 16:21:29.230548,CRITICAL,1071
2025-10-23 16:15:43.630548,2025-10-23 16:22:38.350548,CRITICAL,1072
2025-10-23 16:16:52.750548,2025-10-23 16:23:30.190548,CRITICAL,1073
2025-10-23 16:18:19.150548,2025-10-23 16:24:39.310548,CRITICAL,1074
2025-10-23 16:19:28.270548,2025-10-23 16:26:05.710548,CRITICAL,1075
2025-10-23 16:20:54.670548,2025-10-23 16:26:40.270548,CRITICAL,1076
2025-10-23 16:21:46.510548,2025-10-23 16:27:49.390548,WARNING,1077
2025-10-23 16:22:55.630548,2025-10-23 16:28:58.510548,WARNING,1078
2025-10-23 16:23:47.470548,2025-10-23 16:29:50.350548,WARNING,1079
2025-10-23 16:24:56.590548,2025-10-23 16:31:16.750548,WARNING,1080
2025-10-23 16:26:05.710548,2025-10-23 16:32:43.150548,WARNING,1081
2025-10-23 16:26:57.550548,2025-10-23 16:34:09.550548,WARNING,1082
2025-10-23 16:27:49.390548,2025-10-23 16:35:18.670548,WARNING,1083
2025-10-23 16:29:15.790548,2025-10-23 16:36:27.790548,WARNING,1084
2025-10-23 16:30:07.630548,2025-10-23 16:37:02.350548,CRITICAL,1085
2025-10-23 16:31:34.030548,2025-10-23 16:38:28.750548,CRITICAL,1086
2025-10-23 16:33:00.430548,2025-10-23 16:39:55.150548,CRITICAL,1087
2025-10-23 16:34:09.550548,2025-10-23 16:41:21.550548,CRITICAL,1088
2025-10-23 16:35:35.950548,2025-10-23 16:41:56.110548,CRITICAL,1089
2025-10-23 16:36:45.070548,2025-10-23 16:42:47.950548,CRITICAL,1090
2025-10-23 16:37:19.630548,2025-10-23 16:43:57.070548,WARNING,1091
2025-10-23 16:38:46.030548,2025-10-23 16:45:06.190548,CRITICAL,1092
2025-10-23 16:40:12.430548,2025-10-23 16:46:15.310548,CRITICAL,1093
2025-10-23 16:41:38.830548,2025-10-23 16:47:41.710548,CRITICAL,1094
2025-10-23 16:42:13.390548,2025-10-23 16:48:33.550548,CRITICAL,1095
2025-10-23 16:43:05.230548,2025-10-23 16:49:59.950548,CRITICAL,1096
2025-10-23 16:44:14.350548,2025-10-23 16:51:09.070548,CRITICAL,1097
2025-10-23 16:45:23.470548,2025-10-23 16:52:18.190548,CRITICAL,1098
2025-10-23 16:46:32.590548,2025-10-23 16:53:44.590548,CRITICAL,1099
2025-10-23 16:47:58.990548,2025-10-23 16:54:53.710548,CRITICAL,1100
2025-10-23 16:48:50.830548,2025-10-23 16:56:02.830548,WARNING,1101
2025-10-23 16:50:17.230548,2025-10-23 16:57:11.950548,WARNING,1102
2025-10-23 16:51:26.350548,2025-10-23 16:58:21.070548,WARNING,1103
2025-10-23 16:52:35.470548,2025-10-23 16:59:12.910548,WARNING,1104
2025-10-23 16:53:44.590548,2025-10-23 16:59:30.190548,WARNING,1105
2025-10-23 16:55:10.990548,2025-10-23 17:00:39.310548,WARNING,1106
2025-10-23 16:56:20.110548,2025-10-23 17:01:31.150548,WARNING,1107
2025-10-23 16:57:29.230548,2025-10-23 17:02:40.270548,WARNING,1108
2025-10-23 16:58:21.070548,2025-10-23 17:04:06.670548,WARNING,1109
2025-10-23 16:59:30.190548,2025-10-23 17:05:33.070548,WARNING,1110
2025-10-23 16:59:47.470548,2025-10-23 17:06:42.190548,CRITICAL,1111
2025-10-23 17:00:56.590548,2025-10-23 17:07:51.310548,CRITICAL,1112
2025-10-23 17:01:48.430548,2025-10-23 17:09:17.710548,CRITICAL,1113
2025-10-23 17:02:57.550548,2025-10-23 17:10:26.830548,CRITICAL,1114
2025-10-23 17:04:23.950548,2025-10-23 17:11:35.950548,CRITICAL,1115
2025-10-23 17:05:50.350548,2025-10-23 17:13:02.350548,CRITICAL,1116
2025-10-23 17:06:42.190548,2025-10-23 17:13:54.190548,CRITICAL,1117
2025-10-23 17:08:08.590548,2025-10-23 17:14:46.030548,CRITICAL,1118
2025-10-23 17:09:34.990548,2025-10-23 17:16:12.430548,CRITICAL,1119
2025-10-23 17:10:26.830548,2025-10-23 17:17:21.550548,CRITICAL,1120
2025-10-23 17:11:53.230548,2025-10-23 17:18:47.950548,CRITICAL,1121
2025-10-23 17:13:19.630548,2025-10-23 17:20:14.350548,CRITICAL,1122
2025-10-23 17:13:54.190548,2025-10-23 17:21:40.750548,CRITICAL,1123
2025-10-23 17:15:03.310548,2025-10-23 17:22:49.870548,CRITICAL,1124
2025-10-23 17:16:29.710548,2025-10-23 17:24:16.270548,CRITICAL,1125
2025-10-23 17:17:38.830548,2025-10-23 17:25:42.670548,WARNING,1126
2025-10-23 17:19:05.230548,2025-10-23 17:26:34.510548,WARNING,1127
2025-10-23 17:20:31.630548,2025-10-23 17:27:43.630548,WARNING,1128
2025-10-23 17:21:58.030548,2025-10-23 17:28:35.470548,WARNING,1129
2025-10-23 17:23:07.150548,2025-10-23 17:30:01.870548,WARNING,1130
2025-10-23 17:24:33.550548,2025-10-23 17:31:28.270548,WARNING,1131
2025-10-23 17:25:59.950548,2025-10-23 17:32:54.670548,WARNING,1132
2025-10-23 17:26:51.790548,2025-10-23 17:34:21.070548,WARNING,1133
2025-10-23 17:28:00.910548,2025-10-23 17:35:47.470548,WARNING,1134
2025-10-23 17:28:52.750548,2025-10-23 17:37:13.870548,WARNING,1135
2025-10-23 17:30:19.150548,2025-10-23 17:38:22.990548,WARNING,1136
2025-10-23 17:31:45.550548,2025-10-23 17:39:49.390548,WARNING,1137
2025-10-23 17:33:11.950548,2025-10-23 17:40:41.230548,WARNING,1138
2025-10-23 17:34:38.350548,2025-10-23 17:41:33.070548,WARNING,1139
2025-10-23 17:36:04.750548,2025-10-23 17:42:42.190548,WARNING,1140
2025-10-23 17:37:31.150548,2025-10-23 17:44:08.590548,WARNING,1141
2025-10-23 17:38:40.270548,2025-10-23 17:45:17.710548,WARNING,1142
2025-10-23 17:40:06.670548,2025-10-23 17:46:26.830548,WARNING,1143
2025-10-23 17:40:41.230548,2025-10-23 17:47:35.950548,WARNING,1144
2025-10-23 17:41:50.350548,2025-10-23 17:48:45.070548,CRITICAL,1145
2025-10-23 17:42:59.470548,2025-10-23 17:49:54.190548,CRITICAL,1146
2025-10-23 17:44:08.590548,2025-10-23 17:50:46.030548,CRITICAL,1147
2025-10-23 17:45:34.990548,2025-10-23 17:51:37.870548,CRITICAL,1148
2025-10-23 17:46:44.110548,2025-10-23 17:52:46.990548,CRITICAL,1149
2025-10-23 17:47:53.230548,2025-10-23 17:53:21.550548,CRITICAL,1150
2025-10-23 17:49:02.350548,2025-10-23 17:54:47.950548,WARNING,1151
2025-10-23 17:49:54.190548,2025-10-23 17:55:57.070548,WARNING,1152
2025-10-23 17:50:46.030548,2025-10-23 17:57:23.470548,WARNING,1153
2025-10-23 17:51:37.870548,2025-10-23 17:58:49.870548,WARNING,1154
2025-10-23 17:53:04.270548,2025-10-23 18:00:16.270548,WARNING,1155
2025-10-23 17:53:38.830548,2025-10-23 18:01:08.110548,WARNING,1156
2025-10-23 17:55:05.230548,2025-10-23 18:02:17.230548,WARNING,1157
2025-10-23 17:56:14.350548,2025-10-23 18:03:43.630548,WARNING,1158
2025-10-23 17:57:40.750548,2025-10-23 18:04:52.750548,WARNING,1159
2025-10-23 17:59:07.150548,2025-10-23 18:06:01.870548,WARNING,1160
2025-10-23 18:00:33.550548,2025-10-23 18:06:53.710548,WARNING,1161
2025-10-23 18:01:25.390548,2025-10-23 18:08:20.110548,WARNING,1162
2025-10-23 18:02:34.510548,2025-10-23 18:09:46.510548,WARNING,1163
2025-10-23 18:04:00.910548,2025-10-23 18:11:12.910548,WARNING,1164
2025-10-23 18:04:52.750548,2025-10-23 18:12:39.310548,WARNING,1165
2025-10-23 18:06:01.870548,2025-10-23 18:13:48.430548,WARNING,1166
2025-10-23 18:07:10.990548,2025-10-23 18:14:22.990548,WARNING,1167
2025-10-23 18:08:37.390548,2025-10-23 18:15:32.110548,WARNING,1168
2025-10-23 18:10:03.790548,2025-10-23 18:16:58.510548,WARNING,1169
2025-10-23 18:11:30.190548,2025-10-23 18:18:07.630548,WARNING,1170
2025-10-23 18:12:56.590548,2025-10-23 18:19:34.030548,WARNING,1171
2025-10-23 18:13:48.430548,2025-10-23 18:20:43.150548,WARNING,1172
2025-10-23 18:14:22.990548,2025-10-23 18:22:09.550548,WARNING,1173
2025-10-23 18:15:49.390548,2025-10-23 18:23:18.670548,WARNING,1174
2025-10-23 18:16:58.510548,2025-10-23 18:24:45.070548,WARNING,1175
2025-10-23 18:18:24.910548,2025-10-23 18:25:36.910548,WARNING,1176
2025-10-23 18:19:51.310548,2025-10-23 18:26:11.470548,CRITICAL,1177
2025-10-23 18:21:00.430548,2025-10-23 18:27:03.310548,CRITICAL,1178
2025-10-23 18:22:26.830548,2025-10-23 18:28:12.430548,CRITICAL,1179
2025-10-23 18:23:35.950548,2025-10-23 18:29:21.550548,CRITICAL,1180
2025-10-23 18:24:45.070548,2025-10-23 18:30:13.390548,CRITICAL,1181
2025-10-23 18:25:36.910548,2025-10-23 18:31:39.790548,CRITICAL,1182
2025-10-23 18:26:11.470548,2025-10-23 18:32:48.910548,WARNING,1183
2025-10-23 18:27:20.590548,2025-10-23 18:34:15.310548,WARNING,1184
2025-10-23 18:28:29.710548,2025-10-23 18:35:24.430548,WARNING,1185
2025-10-23 18:29:21.550548,2025-10-23 18:36:33.550548,WARNING,1186
